"id_usuario","id_pedido","restaurante","valor","status","data_registro","data_pedido"
"6b7ff726-929a-4424-a5c8-b6b6a77e158c","6550","It's Burguer  -  Hamburgueria","44.18","DECLINED","2019-02-14","2025-04-02"
"6b7ff726-929a-4424-a5c8-b6b6a77e158c","1965","It's Burguer  -  Hamburgueria","44.18","CONCLUDED","2019-02-14","2025-04-02"
"6b7ff726-929a-4424-a5c8-b6b6a77e158c","4563","Restaurante Frigideira - Zn","50.9","CONCLUDED","2019-02-14","2025-03-29"
"6b7ff726-929a-4424-a5c8-b6b6a77e158c","9347","It's Burguer  -  Hamburgueria","44.43","CONCLUDED","2019-02-14","2025-03-27"
"6b7ff726-929a-4424-a5c8-b6b6a77e158c","3338","Mineiro Delivery - Iputinga","22.89","CONCLUDED","2019-02-14","2025-03-23"
"6b7ff726-929a-4424-a5c8-b6b6a77e158c","1435","Lc Pasteis","30.8","CONCLUDED","2019-02-14","2025-03-22"
"6b7ff726-929a-4424-a5c8-b6b6a77e158c","4661","It's Burguer  -  Hamburgueria","42.46","CONCLUDED","2019-02-14","2025-03-18"
"6b7ff726-929a-4424-a5c8-b6b6a77e158c","9019","Restaurante Frigideira - Zn","50.9","CONCLUDED","2019-02-14","2025-03-16"
"6b7ff726-929a-4424-a5c8-b6b6a77e158c","2551","Mineiro Delivery - Iputinga","59.08","CONCLUDED","2019-02-14","2025-03-15"
"6b7ff726-929a-4424-a5c8-b6b6a77e158c","8301","Spaleti - Macarrão Gourmet","45.98","CONCLUDED","2019-02-14","2025-03-12"
"6b7ff726-929a-4424-a5c8-b6b6a77e158c","0650","Spaleti - Macarrão Gourmet","45.98","DECLINED","2019-02-14","2025-03-12"
"6b7ff726-929a-4424-a5c8-b6b6a77e158c","5299","Spaleti - Macarrão Gourmet","45.98","DECLINED","2019-02-14","2025-03-12"
"6b7ff726-929a-4424-a5c8-b6b6a77e158c","1494","Mineiro Delivery - Iputinga","22.89","DECLINED","2019-02-14","2025-03-08"
"6b7ff726-929a-4424-a5c8-b6b6a77e158c","0421","Mineiro Delivery - Iputinga","22.89","DECLINED","2019-02-14","2025-03-08"
"6b7ff726-929a-4424-a5c8-b6b6a77e158c","9365","It's Burguer  -  Hamburgueria","45.18","CONCLUDED","2019-02-14","2025-03-08"
"6b7ff726-929a-4424-a5c8-b6b6a77e158c","9918","Mineiro Delivery - Iputinga","22.89","DECLINED","2019-02-14","2025-03-08"
"6b7ff726-929a-4424-a5c8-b6b6a77e158c","9132","Mineiro Delivery - Iputinga","22.89","CONCLUDED","2019-02-14","2025-03-08"
"6b7ff726-929a-4424-a5c8-b6b6a77e158c","0537","Bode do Paraíba Prime","71.99","CONCLUDED","2019-02-14","2025-03-03"
"6b7ff726-929a-4424-a5c8-b6b6a77e158c","8050","Pizzaria To Frito","49.98","CONCLUDED","2019-02-14","2025-03-01"
"6b7ff726-929a-4424-a5c8-b6b6a77e158c","1465","Restaurante Frigideira - ZN","50.9","CONCLUDED","2019-02-14","2025-02-28"
"6b7ff726-929a-4424-a5c8-b6b6a77e158c","3677","Brazzettus - Várzea","40.0","CONCLUDED","2019-02-14","2025-02-27"
"6b7ff726-929a-4424-a5c8-b6b6a77e158c","4986","It's Burguer  -  Hamburgueria","43.75","CONCLUDED","2019-02-14","2025-02-27"
"6b7ff726-929a-4424-a5c8-b6b6a77e158c","9395","It's Burguer  -  Hamburgueria","42.75","CONCLUDED","2019-02-14","2025-02-25"
"6b7ff726-929a-4424-a5c8-b6b6a77e158c","5689","Mineiro Delivery - Iputinga","22.89","CONCLUDED","2019-02-14","2025-02-23"
"6b7ff726-929a-4424-a5c8-b6b6a77e158c","1627","Restaurante Frigideira - ZN","50.9","CONCLUDED","2019-02-14","2025-02-22"
"6b7ff726-929a-4424-a5c8-b6b6a77e158c","5451","Bode do Paraíba Prime","71.99","CONCLUDED","2019-02-14","2025-02-21"
"6b7ff726-929a-4424-a5c8-b6b6a77e158c","1540","Lampião e Maria Bonita Delivery","45.8","DECLINED","2019-02-14","2025-02-19"
"6b7ff726-929a-4424-a5c8-b6b6a77e158c","6276","Lampião e Maria Bonita Delivery","45.8","CONCLUDED","2019-02-14","2025-02-19"
"6b7ff726-929a-4424-a5c8-b6b6a77e158c","2469","It's Burguer  -  Hamburgueria","43.98","CONCLUDED","2019-02-14","2025-02-18"
"6b7ff726-929a-4424-a5c8-b6b6a77e158c","1539","Lampião e Maria Bonita Delivery","45.8","CONCLUDED","2019-02-14","2025-02-10"
"6b7ff726-929a-4424-a5c8-b6b6a77e158c","9891","Brazzettus - Várzea","53.0","DECLINED","2019-02-14","2025-02-09"
"6b7ff726-929a-4424-a5c8-b6b6a77e158c","4949","Mineiro Delivery - Iputinga","23.89","CONCLUDED","2019-02-14","2025-02-09"
"6b7ff726-929a-4424-a5c8-b6b6a77e158c","7119","Brazzettus - Várzea","53.0","CONCLUDED","2019-02-14","2025-02-09"
"6b7ff726-929a-4424-a5c8-b6b6a77e158c","8439","Restaurante Frigideira - ZN","55.8","CONCLUDED","2019-02-14","2025-02-08"
"6b7ff726-929a-4424-a5c8-b6b6a77e158c","1131","Lampião e Maria Bonita Delivery","45.8","CONCLUDED","2019-02-14","2025-01-30"
"6b7ff726-929a-4424-a5c8-b6b6a77e158c","6899","Pizzaria To Frito","57.99","CONCLUDED","2019-02-14","2025-01-29"
"6b7ff726-929a-4424-a5c8-b6b6a77e158c","8796","Restaurante Frigideira - ZN","52.89","CONCLUDED","2019-02-14","2025-01-26"
"6b7ff726-929a-4424-a5c8-b6b6a77e158c","3117","Pizzaria To Frito","52.99","CONCLUDED","2019-02-14","2025-01-03"
"6b7ff726-929a-4424-a5c8-b6b6a77e158c","1504","Restaurante Frigideira - ZN","45.9","CONCLUDED","2019-02-14","2025-01-02"
"6b7ff726-929a-4424-a5c8-b6b6a77e158c","9695","Bode do Paraiba","75.9","CONCLUDED","2019-02-14","2025-01-01"
"6b7ff726-929a-4424-a5c8-b6b6a77e158c","7805","La Guguivez","33.41","CONCLUDED","2019-02-14","2024-12-31"
"6b7ff726-929a-4424-a5c8-b6b6a77e158c","4505","Pizzaria To Frito","54.99","CONCLUDED","2019-02-14","2024-12-31"
"6b7ff726-929a-4424-a5c8-b6b6a77e158c","9169","Spaleti - Macarrão Gourmet","44.99","CONCLUDED","2019-02-14","2024-12-29"
"6b7ff726-929a-4424-a5c8-b6b6a77e158c","9585","Seu França pizzaria ","44.99","CONCLUDED","2019-02-14","2024-12-27"
"6b7ff726-929a-4424-a5c8-b6b6a77e158c","0933","Bode do Paraiba","57.9","CONCLUDED","2019-02-14","2024-12-27"
"6b7ff726-929a-4424-a5c8-b6b6a77e158c","0635","Brazzettus - Várzea","77.49","CONCLUDED","2019-02-14","2024-12-20"
"6b7ff726-929a-4424-a5c8-b6b6a77e158c","4083","Pizzaria e Restaurante Alho e Óleo","57.89","CONCLUDED","2019-02-14","2024-12-19"
"6b7ff726-929a-4424-a5c8-b6b6a77e158c","7723","It's Burguer  -  Hamburgueria","63.8","CONCLUDED","2019-02-14","2024-12-17"
"6b7ff726-929a-4424-a5c8-b6b6a77e158c","6536","Torre Burguer","49.9","CONCLUDED","2019-02-14","2024-12-12"
"6b7ff726-929a-4424-a5c8-b6b6a77e158c","3629","Torre Burguer","49.9","DECLINED","2019-02-14","2024-12-12"
"6b7ff726-929a-4424-a5c8-b6b6a77e158c","5339","It's Burguer  -  Hamburgueria","29.9","CONCLUDED","2019-02-14","2024-12-11"
"6b7ff726-929a-4424-a5c8-b6b6a77e158c","4267","Restaurante Frigideira - ZN","40.9","CONCLUDED","2019-02-14","2024-12-09"
"6b7ff726-929a-4424-a5c8-b6b6a77e158c","2146","Restaurante Frigideira - ZN","40.9","CONCLUDED","2019-02-14","2024-12-03"
"6b7ff726-929a-4424-a5c8-b6b6a77e158c","6524","Alien Smash Burger - Hamburgueria","34.9","CONCLUDED","2019-02-14","2024-12-02"
"6b7ff726-929a-4424-a5c8-b6b6a77e158c","0722","Bode do Paraiba","57.9","CONCLUDED","2019-02-14","2024-12-02"
"6b7ff726-929a-4424-a5c8-b6b6a77e158c","3233","Restaurante Frigideira - ZN","23.42","CONCLUDED","2019-02-14","2024-12-01"
"6b7ff726-929a-4424-a5c8-b6b6a77e158c","5329","Pizzaria e Restaurante Alho e Oleo","49.22","CONCLUDED","2019-02-14","2024-11-30"
"6b7ff726-929a-4424-a5c8-b6b6a77e158c","6555","Brazzettus - Várzea","48.0","CANCELLED","2019-02-14","2024-11-30"
"6b7ff726-929a-4424-a5c8-b6b6a77e158c","5927","Burger King - Parnamirim","55.97","CONCLUDED","2019-02-14","2024-11-29"
"6b7ff726-929a-4424-a5c8-b6b6a77e158c","8242","Restaurante Frigideira - ZN","40.9","CONCLUDED","2019-02-14","2024-11-29"
"6b7ff726-929a-4424-a5c8-b6b6a77e158c","1876","Restaurante Frigideira - ZN","40.9","CONCLUDED","2019-02-14","2024-11-23"
"6b7ff726-929a-4424-a5c8-b6b6a77e158c","3492","Restaurante Frigideira - ZN","40.9","CONCLUDED","2019-02-14","2024-11-22"
"6b7ff726-929a-4424-a5c8-b6b6a77e158c","6995","Alien Smash Burger - Hamburgueria","34.9","CONCLUDED","2019-02-14","2024-11-22"
"6b7ff726-929a-4424-a5c8-b6b6a77e158c","6415","Restaurante Frigideira - ZN","40.9","CONCLUDED","2019-02-14","2024-11-20"
"6b7ff726-929a-4424-a5c8-b6b6a77e158c","6464","Cdu Lanches - Lanchonete","23.42","CONCLUDED","2019-02-14","2024-11-18"
"6b7ff726-929a-4424-a5c8-b6b6a77e158c","6715","Restaurante Frigideira - ZN","40.9","CONCLUDED","2019-02-14","2024-11-17"
"6b7ff726-929a-4424-a5c8-b6b6a77e158c","3585","Mineiro Delivery - Iputinga","43.79","CONCLUDED","2019-02-14","2024-11-15"
"6b7ff726-929a-4424-a5c8-b6b6a77e158c","8373","It's Burguer  -  Hamburgueria","39.9","CONCLUDED","2019-02-14","2024-11-15"
"6b7ff726-929a-4424-a5c8-b6b6a77e158c","2041","Bode do Paraiba","57.9","CONCLUDED","2019-02-14","2024-11-14"
"6b7ff726-929a-4424-a5c8-b6b6a77e158c","8085","La Guguivez","49.89","CONCLUDED","2019-02-14","2024-11-11"
"6b7ff726-929a-4424-a5c8-b6b6a77e158c","5934","Brazzettus - Várzea","48.99","CONCLUDED","2019-02-14","2024-11-09"
"6b7ff726-929a-4424-a5c8-b6b6a77e158c","1360","It's Burguer  -  Hamburgueria","39.9","CONCLUDED","2019-02-14","2024-11-05"
"6b7ff726-929a-4424-a5c8-b6b6a77e158c","9388","It's Burguer  -  Hamburgueria","39.9","CONCLUDED","2019-02-14","2024-10-31"
"6b7ff726-929a-4424-a5c8-b6b6a77e158c","3298","It's Burguer  -  Hamburgueria","39.9","CONCLUDED","2019-02-14","2024-10-24"
"6b7ff726-929a-4424-a5c8-b6b6a77e158c","2006","Bode do Paraiba","57.9","CONCLUDED","2019-02-14","2024-10-23"
"6b7ff726-929a-4424-a5c8-b6b6a77e158c","1052","Lampião e Maria Bonita Delivery","23.42","DECLINED","2019-02-14","2024-10-22"
"6b7ff726-929a-4424-a5c8-b6b6a77e158c","3610","Lampião e Maria Bonita Delivery","23.42","CONCLUDED","2019-02-14","2024-10-22"
"6b7ff726-929a-4424-a5c8-b6b6a77e158c","2069","Mineiro Delivery - Iputinga","22.67","CONCLUDED","2019-02-14","2024-10-21"
"6b7ff726-929a-4424-a5c8-b6b6a77e158c","2958","Bode do Paraiba","57.9","CONCLUDED","2019-02-14","2024-10-18"
"6b7ff726-929a-4424-a5c8-b6b6a77e158c","1877","It's Burguer  -  Hamburgueria","39.9","CONCLUDED","2019-02-14","2024-10-15"
"6b7ff726-929a-4424-a5c8-b6b6a77e158c","2999","Restaurante Frigideira","40.9","CONCLUDED","2019-02-14","2024-10-15"
"6b7ff726-929a-4424-a5c8-b6b6a77e158c","3994","It's Burguer  -  Hamburgueria","39.9","CONCLUDED","2019-02-14","2024-10-14"
"6b7ff726-929a-4424-a5c8-b6b6a77e158c","3857","Restaurante Frigideira","40.9","CONCLUDED","2019-02-14","2024-09-28"
"6b7ff726-929a-4424-a5c8-b6b6a77e158c","5326","It's Burguer  -  Hamburgueria","39.9","CONCLUDED","2019-02-14","2024-09-27"
"6b7ff726-929a-4424-a5c8-b6b6a77e158c","0205","Bode do Paraiba","79.9","CONCLUDED","2019-02-14","2024-09-25"
"6b7ff726-929a-4424-a5c8-b6b6a77e158c","2283","It's Burguer  -  Hamburgueria","39.9","CONCLUDED","2019-02-14","2024-09-23"
"6b7ff726-929a-4424-a5c8-b6b6a77e158c","1693","Restaurante Frigideira","40.9","CONCLUDED","2019-02-14","2024-09-23"
"6b7ff726-929a-4424-a5c8-b6b6a77e158c","9158","AÇAI HIRAÇAI: AÇAITERIA E HAMBURGUERIA.","64.89","CONCLUDED","2019-02-14","2024-09-22"
"6b7ff726-929a-4424-a5c8-b6b6a77e158c","6634","Brazzettus - Várzea","87.49","CONCLUDED","2019-02-14","2024-09-21"
"6b7ff726-929a-4424-a5c8-b6b6a77e158c","2783","It's Burguer  -  Hamburgueria","39.9","CONCLUDED","2019-02-14","2024-09-20"
"6b7ff726-929a-4424-a5c8-b6b6a77e158c","1383","Mineiro Delivery - Iputinga","24.78","CONCLUDED","2019-02-14","2024-09-19"
"6b7ff726-929a-4424-a5c8-b6b6a77e158c","2971","Restaurante Frigideira","40.9","CONCLUDED","2019-02-14","2024-09-18"
"6b7ff726-929a-4424-a5c8-b6b6a77e158c","6451","Bode do Paraiba","57.9","CONCLUDED","2019-02-14","2024-09-16"
"6b7ff726-929a-4424-a5c8-b6b6a77e158c","4264","It's Burguer  -  Hamburgueria","39.9","CONCLUDED","2019-02-14","2024-09-15"
"6b7ff726-929a-4424-a5c8-b6b6a77e158c","4135","It's Burguer  -  Hamburgueria","39.9","DECLINED","2019-02-14","2024-09-15"
"6b7ff726-929a-4424-a5c8-b6b6a77e158c","2292","China in Box - Caxangá","91.7","CONCLUDED","2019-02-14","2024-09-15"
"6b7ff726-929a-4424-a5c8-b6b6a77e158c","6413","Restaurante Frigideira","40.9","CONCLUDED","2019-02-14","2024-09-14"
"6b7ff726-929a-4424-a5c8-b6b6a77e158c","0088","It's Burguer  -  Hamburgueria","66.7","CONCLUDED","2019-02-14","2024-09-13"
"6b7ff726-929a-4424-a5c8-b6b6a77e158c","3571","Dona Maria Pizzaria e Petiscaria","43.75","CONCLUDED","2019-02-14","2024-09-10"
"6b7ff726-929a-4424-a5c8-b6b6a77e158c","1966","It's Burguer  -  Hamburgueria","39.9","CONCLUDED","2019-02-14","2024-09-06"
"6b7ff726-929a-4424-a5c8-b6b6a77e158c","8196","Pizzamaky Prime","66.9","CONCLUDED","2019-02-14","2024-09-02"
"6b7ff726-929a-4424-a5c8-b6b6a77e158c","1684","It's Burguer  -  Hamburgueria","72.8","CONCLUDED","2019-02-14","2024-09-01"
"6b7ff726-929a-4424-a5c8-b6b6a77e158c","9327","Restaurante Frigideira","40.9","CONCLUDED","2019-02-14","2024-08-30"
"6b7ff726-929a-4424-a5c8-b6b6a77e158c","9973","It's Burguer  -  Hamburgueria","59.8","DECLINED","2019-02-14","2024-08-29"
"6b7ff726-929a-4424-a5c8-b6b6a77e158c","8273","It's Burguer  -  Hamburgueria","59.8","CONCLUDED","2019-02-14","2024-08-29"
"6b7ff726-929a-4424-a5c8-b6b6a77e158c","9168","Mineiro Delivery - Iputinga","22.89","CONCLUDED","2019-02-14","2024-08-28"
"6b7ff726-929a-4424-a5c8-b6b6a77e158c","4941","Mineiro Delivery - Iputinga","22.89","CONCLUDED","2019-02-14","2024-08-27"
"6b7ff726-929a-4424-a5c8-b6b6a77e158c","4455","Brazzettus - Várzea","84.48","CONCLUDED","2019-02-14","2024-08-26"
"6b7ff726-929a-4424-a5c8-b6b6a77e158c","5586","La Guguivez","29.42","CONCLUDED","2019-02-14","2024-08-12"
"6b7ff726-929a-4424-a5c8-b6b6a77e158c","4235","La Guguivez","57.9","DECLINED","2019-02-14","2024-08-12"
"6b7ff726-929a-4424-a5c8-b6b6a77e158c","5289","Bode do Paraiba","97.9","CONCLUDED","2019-02-14","2024-08-07"
"6b7ff726-929a-4424-a5c8-b6b6a77e158c","7597","Brazzettus - Várzea","82.49","CONCLUDED","2019-02-14","2024-08-06"
"6b7ff726-929a-4424-a5c8-b6b6a77e158c","0374","It's Burguer  -  Hamburgueria","59.8","CONCLUDED","2019-02-14","2024-08-03"
"6b7ff726-929a-4424-a5c8-b6b6a77e158c","6115","Bode do Paraiba","57.9","CONCLUDED","2019-02-14","2024-08-03"
"6b7ff726-929a-4424-a5c8-b6b6a77e158c","9405","Restaurante Frigideira","40.9","CONCLUDED","2019-02-14","2024-08-02"
"6b7ff726-929a-4424-a5c8-b6b6a77e158c","7273","Lampião e Maria Bonita Delivery","23.42","CONCLUDED","2019-02-14","2024-08-01"
"6b7ff726-929a-4424-a5c8-b6b6a77e158c","4945","It's Burguer  -  Hamburgueria","56.8","CONCLUDED","2019-02-14","2024-07-31"
"6b7ff726-929a-4424-a5c8-b6b6a77e158c","0351","Mineiro Delivery - Iputinga","23.42","CONCLUDED","2019-02-14","2024-07-30"
"6b7ff726-929a-4424-a5c8-b6b6a77e158c","2202","Mineiro Delivery - Iputinga","23.42","DECLINED","2019-02-14","2024-07-30"
"6b7ff726-929a-4424-a5c8-b6b6a77e158c","8567","Restaurante Frigideira","40.9","CONCLUDED","2019-02-14","2024-07-29"
"6b7ff726-929a-4424-a5c8-b6b6a77e158c","2364","Lampião e Maria Bonita Delivery","49.8","CONCLUDED","2019-02-14","2024-07-28"
"6b7ff726-929a-4424-a5c8-b6b6a77e158c","5555","It's Burguer  -  Hamburgueria","59.8","CONCLUDED","2019-02-14","2024-07-27"
"6b7ff726-929a-4424-a5c8-b6b6a77e158c","8831","Restaurante Frigideira","50.9","CONCLUDED","2019-02-14","2024-07-25"
"6b7ff726-929a-4424-a5c8-b6b6a77e158c","7567","La Guguivez","48.28","CONCLUDED","2019-02-14","2024-07-24"
"6b7ff726-929a-4424-a5c8-b6b6a77e158c","3496","Mineiro Delivery - Iputinga","49.9","CONCLUDED","2019-02-14","2024-07-24"
"6b7ff726-929a-4424-a5c8-b6b6a77e158c","7917","It's Burguer  -  Hamburgueria","39.9","CONCLUDED","2019-02-14","2024-07-23"
"6b7ff726-929a-4424-a5c8-b6b6a77e158c","2298","Restaurante Frigideira","40.9","CONCLUDED","2019-02-14","2024-07-22"
"6b7ff726-929a-4424-a5c8-b6b6a77e158c","7450","Bode do Paraiba","57.9","CONCLUDED","2019-02-14","2024-07-21"
"6b7ff726-929a-4424-a5c8-b6b6a77e158c","9712","Bode do Paraiba","57.9","CONCLUDED","2019-02-14","2024-07-20"
"6b7ff726-929a-4424-a5c8-b6b6a77e158c","6335","Mineiro Delivery - Iputinga","24.92","CONCLUDED","2019-02-14","2024-07-19"
"6b7ff726-929a-4424-a5c8-b6b6a77e158c","1715","La Guguivez","23.55","CONCLUDED","2019-02-14","2024-07-19"
"6b7ff726-929a-4424-a5c8-b6b6a77e158c","7105","Mineiro Delivery - Iputinga","24.92","DECLINED","2019-02-14","2024-07-19"
"6b7ff726-929a-4424-a5c8-b6b6a77e158c","1732","Lampião e Maria Bonita Delivery","23.42","CONCLUDED","2019-02-14","2024-07-19"
"6b7ff726-929a-4424-a5c8-b6b6a77e158c","5325","Restaurante Frigideira","40.9","DECLINED","2019-02-14","2024-07-18"
"6b7ff726-929a-4424-a5c8-b6b6a77e158c","1510","Restaurante Frigideira","40.9","CONCLUDED","2019-02-14","2024-07-18"
"6b7ff726-929a-4424-a5c8-b6b6a77e158c","2216","Mineiro Delivery - Iputinga","26.33","CONCLUDED","2019-02-14","2024-07-16"
"6b7ff726-929a-4424-a5c8-b6b6a77e158c","1696","Lampião e Maria Bonita Delivery","41.8","CONCLUDED","2019-02-14","2024-07-16"
"6b7ff726-929a-4424-a5c8-b6b6a77e158c","2376","Restaurante Frigideira","40.9","CONCLUDED","2019-02-14","2024-07-15"
"6b7ff726-929a-4424-a5c8-b6b6a77e158c","8916","Bode do Paraiba","57.9","CONCLUDED","2019-02-14","2024-07-15"
"6b7ff726-929a-4424-a5c8-b6b6a77e158c","2437","Restaurante Frigideira","40.9","DECLINED","2019-02-14","2024-07-15"
"6b7ff726-929a-4424-a5c8-b6b6a77e158c","7485","Brazzettus - Várzea","53.0","CONCLUDED","2019-02-14","2024-07-12"
"6b7ff726-929a-4424-a5c8-b6b6a77e158c","4844","Restaurante Frigideira","40.9","CONCLUDED","2019-02-14","2024-07-11"
"6b7ff726-929a-4424-a5c8-b6b6a77e158c","8197","Lampião e Maria Bonita Delivery","23.42","CONCLUDED","2019-02-14","2024-07-10"
"6b7ff726-929a-4424-a5c8-b6b6a77e158c","6857","Mineiro Delivery - Iputinga","26.33","CONCLUDED","2019-02-14","2024-07-10"
"6b7ff726-929a-4424-a5c8-b6b6a77e158c","7098","Bode do Paraiba","59.9","CONCLUDED","2019-02-14","2024-07-09"
"6b7ff726-929a-4424-a5c8-b6b6a77e158c","7248","Brazzettus - Várzea","53.0","CONCLUDED","2019-02-14","2024-07-08"
"6b7ff726-929a-4424-a5c8-b6b6a77e158c","3494","Bode do Paraíba Prime","51.01","CONCLUDED","2019-02-14","2024-07-07"
"6b7ff726-929a-4424-a5c8-b6b6a77e158c","4034","Bode do Paraíba Prime","68.91","CANCELLED","2019-02-14","2024-07-07"
"6b7ff726-929a-4424-a5c8-b6b6a77e158c","6549","Brazzettus - Várzea","48.0","CONCLUDED","2019-02-14","2024-07-07"
"6b7ff726-929a-4424-a5c8-b6b6a77e158c","5516","Mineiro Delivery - Iputinga","33.78","CONCLUDED","2019-02-14","2024-07-07"
"6b7ff726-929a-4424-a5c8-b6b6a77e158c","3699","Mineiro Delivery - Iputinga","26.42","CONCLUDED","2019-02-14","2024-07-06"
"6b7ff726-929a-4424-a5c8-b6b6a77e158c","8564","La Guguivez","45.88","CONCLUDED","2019-02-14","2024-07-06"
"6b7ff726-929a-4424-a5c8-b6b6a77e158c","6910","Bode do Paraíba Prime","51.01","CONCLUDED","2019-02-14","2024-07-05"
"6b7ff726-929a-4424-a5c8-b6b6a77e158c","2287","Toca Da Marmita","20.67","CONCLUDED","2019-02-14","2024-07-05"
"6b7ff726-929a-4424-a5c8-b6b6a77e158c","6604","Restaurante Frigideira","40.9","CONCLUDED","2019-02-14","2024-07-04"
"6b7ff726-929a-4424-a5c8-b6b6a77e158c","5196","Restaurante Frigideira","49.8","CONCLUDED","2019-02-14","2024-07-03"
"6b7ff726-929a-4424-a5c8-b6b6a77e158c","0936","Mineiro Delivery - Iputinga","58.69","CONCLUDED","2019-02-14","2024-06-27"
"6b7ff726-929a-4424-a5c8-b6b6a77e158c","3679","Restaurante Frigideira","35.9","CONCLUDED","2019-02-14","2024-06-26"
"6b7ff726-929a-4424-a5c8-b6b6a77e158c","5986","Brazzettus - Várzea","48.99","CONCLUDED","2019-02-14","2024-06-25"
"6b7ff726-929a-4424-a5c8-b6b6a77e158c","7202","Sertanejo Grill Marmitas","50.8","CONCLUDED","2019-02-14","2024-06-24"
"6b7ff726-929a-4424-a5c8-b6b6a77e158c","5302","Itália","49.99","CONCLUDED","2019-02-14","2024-06-23"
"6b7ff726-929a-4424-a5c8-b6b6a77e158c","3105","Bode do Paraíba Prime","49.01","CONCLUDED","2019-02-14","2024-06-23"
"6b7ff726-929a-4424-a5c8-b6b6a77e158c","1353","Restaurante Frigideira","40.9","CONCLUDED","2019-02-14","2024-06-22"
"6b7ff726-929a-4424-a5c8-b6b6a77e158c","7507","La Guguivez","57.07","CONCLUDED","2019-02-14","2024-06-21"
"6b7ff726-929a-4424-a5c8-b6b6a77e158c","5763","Lampião e Maria Bonita Delivery","23.48","CONCLUDED","2019-02-14","2024-06-20"
"6b7ff726-929a-4424-a5c8-b6b6a77e158c","4071","La Guguivez","43.58","CONCLUDED","2019-02-14","2024-06-14"
"6b7ff726-929a-4424-a5c8-b6b6a77e158c","0094","Bode do Paraiba","176.58","CONCLUDED","2019-02-14","2024-06-13"
"6b7ff726-929a-4424-a5c8-b6b6a77e158c","4836","La Guguivez","23.55","CONCLUDED","2019-02-14","2024-06-12"
"6b7ff726-929a-4424-a5c8-b6b6a77e158c","0110","It's Burguer  -  Hamburgueria","20.89","CONCLUDED","2019-02-14","2024-06-12"
"6b7ff726-929a-4424-a5c8-b6b6a77e158c","4282","Don Calixto","31.48","CONCLUDED","2019-02-14","2024-06-11"
"6b7ff726-929a-4424-a5c8-b6b6a77e158c","1522","Don Calixto","31.48","DECLINED","2019-02-14","2024-06-11"
"6b7ff726-929a-4424-a5c8-b6b6a77e158c","7379","Restaurante Frigideira","39.9","DECLINED","2019-02-14","2024-06-10"
"6b7ff726-929a-4424-a5c8-b6b6a77e158c","5745","Restaurante Frigideira","39.9","DECLINED","2019-02-14","2024-06-10"
"6b7ff726-929a-4424-a5c8-b6b6a77e158c","2471","Restaurante Frigideira","39.9","CONCLUDED","2019-02-14","2024-06-10"
"6b7ff726-929a-4424-a5c8-b6b6a77e158c","2847","Restaurante Frigideira","39.9","CONCLUDED","2019-02-14","2024-06-06"
"6b7ff726-929a-4424-a5c8-b6b6a77e158c","0056","Restaurante Frigideira","39.9","CONCLUDED","2019-02-14","2024-06-05"
"6b7ff726-929a-4424-a5c8-b6b6a77e158c","0788","Lampião e Maria Bonita Delivery","42.8","CONCLUDED","2019-02-14","2024-06-04"
"6b7ff726-929a-4424-a5c8-b6b6a77e158c","6739","Massaría Massas e Risotos","39.99","DECLINED","2019-02-14","2024-06-03"
"6b7ff726-929a-4424-a5c8-b6b6a77e158c","2677","Massaría Massas e Risotos","39.99","CONCLUDED","2019-02-14","2024-06-03"
"6b7ff726-929a-4424-a5c8-b6b6a77e158c","2790","Bode do Paraiba","69.76","CONCLUDED","2019-02-14","2024-06-03"
"6b7ff726-929a-4424-a5c8-b6b6a77e158c","5461","Bode do Paraiba","32.9","CONCLUDED","2019-02-14","2024-05-29"
"6b7ff726-929a-4424-a5c8-b6b6a77e158c","6974","La Guguivez","48.28","CONCLUDED","2019-02-14","2024-05-25"
"6b7ff726-929a-4424-a5c8-b6b6a77e158c","5419","Restaurante Frigideira","39.9","CONCLUDED","2019-02-14","2024-05-25"
"6b7ff726-929a-4424-a5c8-b6b6a77e158c","8436","Mineiro Delivery - Iputinga","44.9","CONCLUDED","2019-02-14","2024-05-19"
"6b7ff726-929a-4424-a5c8-b6b6a77e158c","6074","Bode do Paraiba","52.86","CONCLUDED","2019-02-14","2024-05-18"
"6b7ff726-929a-4424-a5c8-b6b6a77e158c","7906","Restaurante Frigideira","39.9","CONCLUDED","2019-02-14","2024-05-18"
"6b7ff726-929a-4424-a5c8-b6b6a77e158c","2434","Restaurante Frigideira","39.9","DECLINED","2019-02-14","2024-05-16"
"6b7ff726-929a-4424-a5c8-b6b6a77e158c","1495","Restaurante Frigideira","39.9","CONCLUDED","2019-02-14","2024-05-16"
"6b7ff726-929a-4424-a5c8-b6b6a77e158c","9780","Restaurante Frigideira","39.9","CONCLUDED","2019-02-14","2024-05-15"
"6b7ff726-929a-4424-a5c8-b6b6a77e158c","7059","Lampião e Maria Bonita Delivery","22.67","CONCLUDED","2019-02-14","2024-05-15"
"6b7ff726-929a-4424-a5c8-b6b6a77e158c","7356","Massaría Massas e Risotos","39.99","CONCLUDED","2019-02-14","2024-05-09"
"6b7ff726-929a-4424-a5c8-b6b6a77e158c","9048","Lampião e Maria Bonita Delivery","23.42","CONCLUDED","2019-02-14","2024-05-09"
"6b7ff726-929a-4424-a5c8-b6b6a77e158c","4587","Bode do Paraiba","50.86","CONCLUDED","2019-02-14","2024-05-07"
"6b7ff726-929a-4424-a5c8-b6b6a77e158c","8678","Brazzettus - Várzea","53.0","CONCLUDED","2019-02-14","2024-05-06"
"6b7ff726-929a-4424-a5c8-b6b6a77e158c","8327","Mineiro Delivery - Iputinga","45.79","CONCLUDED","2019-02-14","2024-05-05"
"6b7ff726-929a-4424-a5c8-b6b6a77e158c","3207","Frigideira - Marmitas","39.9","CONCLUDED","2019-02-14","2024-05-04"
"6b7ff726-929a-4424-a5c8-b6b6a77e158c","2301","La Guguivez","43.07","CONCLUDED","2019-02-14","2024-05-03"
"6b7ff726-929a-4424-a5c8-b6b6a77e158c","0894","Massaría Massas e Risotos","39.99","CONCLUDED","2019-02-14","2024-05-02"
"6b7ff726-929a-4424-a5c8-b6b6a77e158c","0702","Frigideira - Marmitas","29.93","CONCLUDED","2019-02-14","2024-05-02"
"6b7ff726-929a-4424-a5c8-b6b6a77e158c","8711","Farmácias Pague Menos - 101","70.57","CONCLUDED","2019-02-14","2024-04-29"
"6b7ff726-929a-4424-a5c8-b6b6a77e158c","6879","Pizzamaky Casa Forte","20.48","DECLINED","2019-02-14","2024-04-28"
"6b7ff726-929a-4424-a5c8-b6b6a77e158c","7185","Frigideira - Marmitas","39.9","CONCLUDED","2019-02-14","2024-04-27"
"6b7ff726-929a-4424-a5c8-b6b6a77e158c","8945","Brazzettus - Várzea","48.99","CONCLUDED","2019-02-14","2024-04-26"
"6b7ff726-929a-4424-a5c8-b6b6a77e158c","1360","Massaría Massas e Risotos","39.99","CONCLUDED","2019-02-14","2024-04-24"
"6b7ff726-929a-4424-a5c8-b6b6a77e158c","3073","Mineiro Delivery - Iputinga","26.93","CONCLUDED","2019-02-14","2024-04-23"
"6b7ff726-929a-4424-a5c8-b6b6a77e158c","0910","Mineiro Delivery - Iputinga","21.87","CONCLUDED","2019-02-14","2024-04-21"
"6b7ff726-929a-4424-a5c8-b6b6a77e158c","3517","Mineiro Delivery - Iputinga","27.78","DECLINED","2019-02-14","2024-04-21"
"6b7ff726-929a-4424-a5c8-b6b6a77e158c","7153","Bode do Paraiba","50.86","CONCLUDED","2019-02-14","2024-04-21"
"6b7ff726-929a-4424-a5c8-b6b6a77e158c","4295","Frigideira - Marmitas","25.67","CONCLUDED","2019-02-14","2024-04-20"
"6b7ff726-929a-4424-a5c8-b6b6a77e158c","1768","La Guguivez","43.58","CONCLUDED","2019-02-14","2024-04-19"
"6b7ff726-929a-4424-a5c8-b6b6a77e158c","6008","La Guguivez","43.58","DECLINED","2019-02-14","2024-04-19"
"6b7ff726-929a-4424-a5c8-b6b6a77e158c","5863","Pizzamaky Prime","69.9","CONCLUDED","2019-02-14","2024-04-14"
"6b7ff726-929a-4424-a5c8-b6b6a77e158c","0701","Massaría Massas e Risotos","39.99","CONCLUDED","2019-02-14","2024-04-13"
"6b7ff726-929a-4424-a5c8-b6b6a77e158c","1275","La Guguivez","48.28","CONCLUDED","2019-02-14","2024-04-12"
"6b7ff726-929a-4424-a5c8-b6b6a77e158c","4002","Brazzettus - Várzea","67.49","CONCLUDED","2019-02-14","2024-04-12"
"6b7ff726-929a-4424-a5c8-b6b6a77e158c","6463","Vila Pizza","42.7","CONCLUDED","2019-02-14","2024-04-11"
"6b7ff726-929a-4424-a5c8-b6b6a77e158c","4828","Frigideira - Marmitas","39.9","CONCLUDED","2019-02-14","2024-04-10"
"6b7ff726-929a-4424-a5c8-b6b6a77e158c","6454","Frigideira - Marmitas","39.9","DECLINED","2019-02-14","2024-04-09"
"6b7ff726-929a-4424-a5c8-b6b6a77e158c","2578","Bode do Paraiba","52.86","CONCLUDED","2019-02-14","2024-04-09"
"6b7ff726-929a-4424-a5c8-b6b6a77e158c","6122","Frigideira - Marmitas","39.9","CONCLUDED","2019-02-14","2024-04-09"
"6b7ff726-929a-4424-a5c8-b6b6a77e158c","7374","Mineiro Delivery - Iputinga","36.88","DECLINED","2019-02-14","2024-04-08"
"6b7ff726-929a-4424-a5c8-b6b6a77e158c","4849","Mineiro Delivery - Iputinga","36.88","CONCLUDED","2019-02-14","2024-04-08"
"6b7ff726-929a-4424-a5c8-b6b6a77e158c","0423","Bode do Paraiba","52.86","CONCLUDED","2019-02-14","2024-04-06"
"6b7ff726-929a-4424-a5c8-b6b6a77e158c","1793","Gol Burguer Torre","18.98","CONCLUDED","2019-02-14","2024-03-27"
"6b7ff726-929a-4424-a5c8-b6b6a77e158c","2014","Frigideira - Marmitas","39.9","CONCLUDED","2019-02-14","2024-03-26"
"6b7ff726-929a-4424-a5c8-b6b6a77e158c","9671","Massaría Massas e Risotos","39.99","DECLINED","2019-02-14","2024-03-25"
"6b7ff726-929a-4424-a5c8-b6b6a77e158c","7340","Massaría Massas e Risotos","39.99","CONCLUDED","2019-02-14","2024-03-25"
"6b7ff726-929a-4424-a5c8-b6b6a77e158c","5949","Açaí JMR","18.99","CONCLUDED","2019-02-14","2024-03-24"
"6b7ff726-929a-4424-a5c8-b6b6a77e158c","9406","Pizzamaky Prime","57.9","CONCLUDED","2019-02-14","2024-03-24"
"6b7ff726-929a-4424-a5c8-b6b6a77e158c","9055","Bode do Paraiba","50.86","CONCLUDED","2019-02-14","2024-03-24"
"6b7ff726-929a-4424-a5c8-b6b6a77e158c","2044","Frigideira - Marmitas","39.9","CONCLUDED","2019-02-14","2024-03-23"
"6b7ff726-929a-4424-a5c8-b6b6a77e158c","1674","Frigideira - Marmitas","39.9","CONCLUDED","2019-02-14","2024-03-22"
"6b7ff726-929a-4424-a5c8-b6b6a77e158c","5539","Bode do Paraiba","125.72","CONCLUDED","2019-02-14","2024-03-21"
"6b7ff726-929a-4424-a5c8-b6b6a77e158c","9322","Bode do Paraiba","125.72","DECLINED","2019-02-14","2024-03-21"
"6b7ff726-929a-4424-a5c8-b6b6a77e158c","3630","Massaría Massas e Risotos","39.99","CONCLUDED","2019-02-14","2024-03-21"
"6b7ff726-929a-4424-a5c8-b6b6a77e158c","5646","Bode do Paraiba","125.72","DECLINED","2019-02-14","2024-03-21"
"6b7ff726-929a-4424-a5c8-b6b6a77e158c","2791","Mineiro Delivery - Iputinga","36.88","CONCLUDED","2019-02-14","2024-03-17"
"6b7ff726-929a-4424-a5c8-b6b6a77e158c","9211","Frigideira - Marmitas","39.9","CONCLUDED","2019-02-14","2024-03-16"
"6b7ff726-929a-4424-a5c8-b6b6a77e158c","2163","Pizzamaky Prime","45.0","CONCLUDED","2019-02-14","2024-03-15"
"6b7ff726-929a-4424-a5c8-b6b6a77e158c","2000","Massaría Massas e Risotos","39.99","DECLINED","2019-02-14","2024-03-13"
"6b7ff726-929a-4424-a5c8-b6b6a77e158c","5021","Massaría Massas e Risotos","39.99","CONCLUDED","2019-02-14","2024-03-13"
"6b7ff726-929a-4424-a5c8-b6b6a77e158c","2373","Mineiro Delivery - Iputinga","75.79","CONCLUDED","2019-02-14","2024-03-10"
"6b7ff726-929a-4424-a5c8-b6b6a77e158c","2010","Pizzamaky Casa Forte","46.9","CONCLUDED","2019-02-14","2024-03-10"
"6b7ff726-929a-4424-a5c8-b6b6a77e158c","7964","Massaría Massas e Risotos","39.99","CONCLUDED","2019-02-14","2024-03-08"
"6b7ff726-929a-4424-a5c8-b6b6a77e158c","7801","Massaría Massas e Risotos","39.99","DECLINED","2019-02-14","2024-03-08"
"6b7ff726-929a-4424-a5c8-b6b6a77e158c","7556","Massaría Massas e Risotos","39.99","CONCLUDED","2019-02-14","2024-03-06"
"6b7ff726-929a-4424-a5c8-b6b6a77e158c","1697","Frigideira - Marmitas","39.9","CONCLUDED","2019-02-14","2024-03-02"
"6b7ff726-929a-4424-a5c8-b6b6a77e158c","5563","Frigideira - Marmitas","39.9","DECLINED","2019-02-14","2024-03-02"
"6b7ff726-929a-4424-a5c8-b6b6a77e158c","8596","Frigideira - Marmitas","39.9","DECLINED","2019-02-14","2024-03-02"
"6b7ff726-929a-4424-a5c8-b6b6a77e158c","3514","Bode do Paraiba","50.86","CONCLUDED","2019-02-14","2024-02-28"
"6b7ff726-929a-4424-a5c8-b6b6a77e158c","2960","Cordeiro Nordestino","19.73","CONCLUDED","2019-02-14","2024-02-27"
"6b7ff726-929a-4424-a5c8-b6b6a77e158c","7483","Massaría Massas e Risotos","39.99","CONCLUDED","2019-02-14","2024-02-27"
"6b7ff726-929a-4424-a5c8-b6b6a77e158c","8577","Bode do Paraiba","65.26","CONCLUDED","2019-02-14","2024-02-25"
"6b7ff726-929a-4424-a5c8-b6b6a77e158c","7101","Bode do Paraiba","65.26","DECLINED","2019-02-14","2024-02-25"
"6b7ff726-929a-4424-a5c8-b6b6a77e158c","6390","Pizzamaky Casa Forte","46.9","CONCLUDED","2019-02-14","2024-02-25"
"6b7ff726-929a-4424-a5c8-b6b6a77e158c","3504","La Guguivez","48.28","CONCLUDED","2019-02-14","2024-02-24"
"6b7ff726-929a-4424-a5c8-b6b6a77e158c","4928","Frigideira - Marmitas","39.9","CONCLUDED","2019-02-14","2024-02-24"
"6b7ff726-929a-4424-a5c8-b6b6a77e158c","9909","Bode do Paraiba","50.86","CONCLUDED","2019-02-14","2024-02-18"
"6b7ff726-929a-4424-a5c8-b6b6a77e158c","6126","Frango Frito Krokante e Cia","68.99","CANCELLED","2019-02-14","2024-02-17"
"6b7ff726-929a-4424-a5c8-b6b6a77e158c","7179","Pizzamaky Casa Forte","21.98","CONCLUDED","2019-02-14","2024-02-17"
"6b7ff726-929a-4424-a5c8-b6b6a77e158c","9320","Massaría Massas e Risotos","39.99","CONCLUDED","2019-02-14","2024-02-16"
"6b7ff726-929a-4424-a5c8-b6b6a77e158c","0212","Vila Universitária","25.73","CONCLUDED","2019-02-14","2024-02-14"
"6b7ff726-929a-4424-a5c8-b6b6a77e158c","4425","Bode do Paraiba","52.86","DECLINED","2019-02-14","2024-02-13"
"6b7ff726-929a-4424-a5c8-b6b6a77e158c","9439","Bode do Paraiba","52.86","CONCLUDED","2019-02-14","2024-02-13"
"6b7ff726-929a-4424-a5c8-b6b6a77e158c","7409","Bode do Paraiba","52.86","DECLINED","2019-02-14","2024-02-13"
"6b7ff726-929a-4424-a5c8-b6b6a77e158c","7652","Massas Mineiro - Recife Iputinga","79.53","CONCLUDED","2019-02-14","2024-02-12"
"6b7ff726-929a-4424-a5c8-b6b6a77e158c","3592","Massaría Massas e Risotos","39.99","CONCLUDED","2019-02-14","2024-02-08"
"6b7ff726-929a-4424-a5c8-b6b6a77e158c","5339","Tia Sônia Comedoria Oficial","35.8","CONCLUDED","2019-02-14","2024-02-06"
"6b7ff726-929a-4424-a5c8-b6b6a77e158c","0444","La Guguivez","54.27","CONCLUDED","2019-02-14","2024-02-04"
"6b7ff726-929a-4424-a5c8-b6b6a77e158c","0742","It's Burguer  -  Hamburgueria","4.99","CONCLUDED","2019-02-14","2024-02-03"
"6b7ff726-929a-4424-a5c8-b6b6a77e158c","7292","Frigideira - Marmitas","39.9","CONCLUDED","2019-02-14","2024-02-03"
"6b7ff726-929a-4424-a5c8-b6b6a77e158c","3365","Top's Salgados & Kit Festa Coxinha","47.97","CONCLUDED","2019-02-14","2023-12-31"
"6b7ff726-929a-4424-a5c8-b6b6a77e158c","3901","Frigideira - Marmitas","39.9","CONCLUDED","2019-02-14","2023-12-31"
"6b7ff726-929a-4424-a5c8-b6b6a77e158c","0050","Massaría Massas e Risotos","39.99","CONCLUDED","2019-02-14","2023-12-21"
"6b7ff726-929a-4424-a5c8-b6b6a77e158c","5143","La Guguivez","48.28","CONCLUDED","2019-02-14","2023-12-15"
"6b7ff726-929a-4424-a5c8-b6b6a77e158c","1737","Bode do Paraiba","52.86","CONCLUDED","2019-02-14","2023-12-13"
"6b7ff726-929a-4424-a5c8-b6b6a77e158c","9875","Massaría Massas e Risotos","39.99","CONCLUDED","2019-02-14","2023-12-06"
"6b7ff726-929a-4424-a5c8-b6b6a77e158c","7688","Mineiro Delivery - Iputinga","47.98","CONCLUDED","2019-02-14","2023-12-05"
"6b7ff726-929a-4424-a5c8-b6b6a77e158c","7522","Mineiro Delivery - Iputinga","26.42","CONCLUDED","2019-02-14","2023-12-03"
"6b7ff726-929a-4424-a5c8-b6b6a77e158c","1657","Massaría Massas e Risotos","39.99","DECLINED","2019-02-14","2023-11-27"
"6b7ff726-929a-4424-a5c8-b6b6a77e158c","7429","Massaría Massas e Risotos","39.99","CONCLUDED","2019-02-14","2023-11-27"
"6b7ff726-929a-4424-a5c8-b6b6a77e158c","4122","Mineiro Delivery - Iputinga","52.48","CONCLUDED","2019-02-14","2023-11-26"
"6b7ff726-929a-4424-a5c8-b6b6a77e158c","5873","Don Calixto","15.23","CANCELLED","2019-02-14","2023-11-25"
"6b7ff726-929a-4424-a5c8-b6b6a77e158c","2848","Açai Hiraçaí e Hamburgueria","46.9","CONCLUDED","2019-02-14","2023-11-25"
"6b7ff726-929a-4424-a5c8-b6b6a77e158c","7283","Massaría Massas e Risotos","39.99","CONCLUDED","2019-02-14","2023-11-25"
"6b7ff726-929a-4424-a5c8-b6b6a77e158c","6855","Mineiro Delivery - Iputinga","22.36","CONCLUDED","2019-02-14","2023-11-25"
"6b7ff726-929a-4424-a5c8-b6b6a77e158c","5976","Massaría Massas e Risotos","39.99","CONCLUDED","2019-02-14","2023-11-21"
"6b7ff726-929a-4424-a5c8-b6b6a77e158c","8991","Sertanejo Grill - ZN","54.9","CONCLUDED","2019-02-14","2023-11-19"
"6b7ff726-929a-4424-a5c8-b6b6a77e158c","4524","Habib's - Rosa e Silva","62.59","CONCLUDED","2019-02-14","2023-11-18"
"6b7ff726-929a-4424-a5c8-b6b6a77e158c","3617","Emporio Universitario","28.67","CONCLUDED","2019-02-14","2023-11-16"
"6b7ff726-929a-4424-a5c8-b6b6a77e158c","4270","Massaría Massas e Risotos","39.99","CONCLUDED","2019-02-14","2023-11-15"
"6b7ff726-929a-4424-a5c8-b6b6a77e158c","1371","Massaría Massas e Risotos","39.99","CONCLUDED","2019-02-14","2023-11-05"
"6b7ff726-929a-4424-a5c8-b6b6a77e158c","4335","Acai Gourmet","35.99","CONCLUDED","2019-02-14","2023-11-04"
"6b7ff726-929a-4424-a5c8-b6b6a77e158c","1763","Bode do Paraiba","52.86","CONCLUDED","2019-02-14","2023-11-04"
"6b7ff726-929a-4424-a5c8-b6b6a77e158c","7023","Sertanejo Grill - ZN","39.8","CONCLUDED","2019-02-14","2023-11-03"
"6b7ff726-929a-4424-a5c8-b6b6a77e158c","9793","Massaría Massas e Risotos","39.99","CONCLUDED","2019-02-14","2023-11-02"
"6b7ff726-929a-4424-a5c8-b6b6a77e158c","7109","Massaría Massas e Risotos","39.99","CONCLUDED","2019-02-14","2023-10-23"
"6b7ff726-929a-4424-a5c8-b6b6a77e158c","9185","Bolos Divino","24.89","CONCLUDED","2019-02-14","2023-10-21"
"6b7ff726-929a-4424-a5c8-b6b6a77e158c","8552","Brazzettus - Várzea","67.49","CONCLUDED","2019-02-14","2023-10-21"
"6b7ff726-929a-4424-a5c8-b6b6a77e158c","1307","Panela Rústica","31.89","DECLINED","2019-02-14","2023-10-21"
"6b7ff726-929a-4424-a5c8-b6b6a77e158c","9343","Panela Rústica","31.89","DECLINED","2019-02-14","2023-10-21"
"6b7ff726-929a-4424-a5c8-b6b6a77e158c","1780","Massaría Massas e Risotos","39.99","CONCLUDED","2019-02-14","2023-10-20"
"6b7ff726-929a-4424-a5c8-b6b6a77e158c","1067","Massaría Massas e Risotos","39.99","CONCLUDED","2019-02-14","2023-10-05"
"6b7ff726-929a-4424-a5c8-b6b6a77e158c","7094","Frigideira - Marmitas","83.8","CONCLUDED","2019-02-14","2023-10-01"
"6b7ff726-929a-4424-a5c8-b6b6a77e158c","6741","Açai Hiraçaí e Hamburgueria","46.9","CONCLUDED","2019-02-14","2023-10-01"
"6b7ff726-929a-4424-a5c8-b6b6a77e158c","7415","Massaría Massas e Risotos","39.99","CONCLUDED","2019-02-14","2023-09-30"
"6b7ff726-929a-4424-a5c8-b6b6a77e158c","4795","La Guguivez","60.07","CONCLUDED","2019-02-14","2023-09-23"
"6b7ff726-929a-4424-a5c8-b6b6a77e158c","9525","Massaría Massas e Risotos","39.99","CONCLUDED","2019-02-14","2023-09-18"
"6b7ff726-929a-4424-a5c8-b6b6a77e158c","9737","Bode do Paraiba","52.86","CONCLUDED","2019-02-14","2023-09-17"
"6b7ff726-929a-4424-a5c8-b6b6a77e158c","3099","Sertanejo Grill Marmitas","54.9","CONCLUDED","2019-02-14","2023-09-16"
"6b7ff726-929a-4424-a5c8-b6b6a77e158c","9242","Massaría Massas e Risotos","39.99","CONCLUDED","2019-02-14","2023-09-10"
"6b7ff726-929a-4424-a5c8-b6b6a77e158c","6602","Vila Universitária","18.23","CONCLUDED","2019-02-14","2023-09-10"
"6b7ff726-929a-4424-a5c8-b6b6a77e158c","7514","Emporio Universitario","28.51","CONCLUDED","2019-02-14","2023-09-08"
"6b7ff726-929a-4424-a5c8-b6b6a77e158c","9181","Massaría Massas e Risotos","39.99","CONCLUDED","2019-02-14","2023-09-07"
"6b7ff726-929a-4424-a5c8-b6b6a77e158c","7788","Brazzettus - Várzea","40.0","CONCLUDED","2019-02-14","2023-09-02"
"6b7ff726-929a-4424-a5c8-b6b6a77e158c","0340","Massaría Massas e Risotos","39.99","CONCLUDED","2019-02-14","2023-08-27"
"6b7ff726-929a-4424-a5c8-b6b6a77e158c","4269","Massaría Massas e Risotos","39.99","CONCLUDED","2019-02-14","2023-08-27"
"6b7ff726-929a-4424-a5c8-b6b6a77e158c","3358","Sertanejo Grill Marmitas","54.9","CONCLUDED","2019-02-14","2023-08-26"
"6b7ff726-929a-4424-a5c8-b6b6a77e158c","9422","Risotos do Pasta - Culinária Italiana","64.8","CONCLUDED","2019-02-14","2023-08-25"
"6b7ff726-929a-4424-a5c8-b6b6a77e158c","9218","Risotos do Pasta - Culinária Italiana","64.8","DECLINED","2019-02-14","2023-08-25"
"6b7ff726-929a-4424-a5c8-b6b6a77e158c","7873","Risotos do Pasta - Culinária Italiana","59.9","CONCLUDED","2019-02-14","2023-08-24"
"6b7ff726-929a-4424-a5c8-b6b6a77e158c","3874","Massaría Massas e Risotos","39.99","CONCLUDED","2019-02-14","2023-08-20"
"6b7ff726-929a-4424-a5c8-b6b6a77e158c","1590","Brazzettus - Várzea","40.0","CONCLUDED","2019-02-14","2023-08-19"
"6b7ff726-929a-4424-a5c8-b6b6a77e158c","1015","Torre Brasa","28.5","CONCLUDED","2019-02-14","2023-08-10"
"6b7ff726-929a-4424-a5c8-b6b6a77e158c","1407","Emporio Universitario","48.12","CONCLUDED","2019-02-14","2023-08-05"
"6b7ff726-929a-4424-a5c8-b6b6a77e158c","0273","Brazzettus - Várzea","46.99","CONCLUDED","2019-02-14","2023-08-03"
"6b7ff726-929a-4424-a5c8-b6b6a77e158c","9017","Massaría Massas e Risotos","39.99","CONCLUDED","2019-02-14","2023-08-02"
"6b7ff726-929a-4424-a5c8-b6b6a77e158c","9801","Emporio Universitario","28.67","CONCLUDED","2019-02-14","2023-07-30"
"6b7ff726-929a-4424-a5c8-b6b6a77e158c","7155","Bode do Paraiba","52.86","CONCLUDED","2019-02-14","2023-07-29"
"6b7ff726-929a-4424-a5c8-b6b6a77e158c","2111","Emporio Universitario","14.43","CONCLUDED","2019-02-14","2023-07-29"
"6b7ff726-929a-4424-a5c8-b6b6a77e158c","3396","Massaría Massas e Risotos","39.99","CONCLUDED","2019-02-14","2023-07-28"
"6b7ff726-929a-4424-a5c8-b6b6a77e158c","2753","Massaría Massas e Risotos","39.99","CONCLUDED","2019-02-14","2023-07-26"
"6b7ff726-929a-4424-a5c8-b6b6a77e158c","2309","Emporio Universitario","77.13","CONCLUDED","2019-02-14","2023-07-22"
"6b7ff726-929a-4424-a5c8-b6b6a77e158c","9281","Massaría Massas e Risotos","39.99","CONCLUDED","2019-02-14","2023-07-19"
"6b7ff726-929a-4424-a5c8-b6b6a77e158c","7106","Massaría Massas e Risotos","39.99","CONCLUDED","2019-02-14","2023-07-17"
"6b7ff726-929a-4424-a5c8-b6b6a77e158c","0248","Massaría Massas e Risotos","66.98","CONCLUDED","2019-02-14","2023-07-13"
"6b7ff726-929a-4424-a5c8-b6b6a77e158c","3294","Drogaria São Paulo - Caxanga","127.07","CONCLUDED","2019-02-14","2023-07-12"
"6b7ff726-929a-4424-a5c8-b6b6a77e158c","9573","Brazzettus - Várzea","46.99","CONCLUDED","2019-02-14","2023-07-10"
"6b7ff726-929a-4424-a5c8-b6b6a77e158c","0408","La Guguivez","48.28","CONCLUDED","2019-02-14","2023-07-08"
"6b7ff726-929a-4424-a5c8-b6b6a77e158c","5522","Emporio Universitario","26.96","CONCLUDED","2019-02-14","2023-07-07"
"6b7ff726-929a-4424-a5c8-b6b6a77e158c","5081","Emporio Universitario","26.96","CONCLUDED","2019-02-14","2023-07-06"
"6b7ff726-929a-4424-a5c8-b6b6a77e158c","6711","Bode do Paraiba","65.26","CONCLUDED","2019-02-14","2023-07-04"
"6b7ff726-929a-4424-a5c8-b6b6a77e158c","2621","Massaría Massas e Risotos","39.99","CONCLUDED","2019-02-14","2023-07-03"
"6b7ff726-929a-4424-a5c8-b6b6a77e158c","2491","Emporio Universitario","55.02","CONCLUDED","2019-02-14","2023-06-28"
"6b7ff726-929a-4424-a5c8-b6b6a77e158c","9096","Emporio Universitario","30.22","CONCLUDED","2019-02-14","2023-06-27"
"6b7ff726-929a-4424-a5c8-b6b6a77e158c","6560","Massaría Massas e Risotos","40.0","CONCLUDED","2019-02-14","2023-06-26"
"6b7ff726-929a-4424-a5c8-b6b6a77e158c","2118","Emporio Universitario","27.94","CANCELLED","2019-02-14","2023-06-26"
"6b7ff726-929a-4424-a5c8-b6b6a77e158c","0007","Brazzettus - Várzea","47.99","CONCLUDED","2019-02-14","2023-06-25"
"6b7ff726-929a-4424-a5c8-b6b6a77e158c","9766","Deeh Dog","66.0","CONCLUDED","2019-02-14","2023-06-24"
"6b7ff726-929a-4424-a5c8-b6b6a77e158c","1777","Dona Flor Cakes Bolos e Sobremesas","60.89","CONCLUDED","2019-02-14","2023-06-23"
"6b7ff726-929a-4424-a5c8-b6b6a77e158c","6850","Emporio Universitario","28.67","CONCLUDED","2019-02-14","2023-06-22"
"6b7ff726-929a-4424-a5c8-b6b6a77e158c","7901","Emporio Universitario","25.38","CONCLUDED","2019-02-14","2023-06-21"
"6b7ff726-929a-4424-a5c8-b6b6a77e158c","2446","Massaría Massas e Risotos","40.0","CONCLUDED","2019-02-14","2023-06-19"
"6b7ff726-929a-4424-a5c8-b6b6a77e158c","0848","Emporio Universitario","52.74","CONCLUDED","2019-02-14","2023-06-17"
"6b7ff726-929a-4424-a5c8-b6b6a77e158c","7853","Massaría Massas e Risotos","40.0","CONCLUDED","2019-02-14","2023-06-15"
"6b7ff726-929a-4424-a5c8-b6b6a77e158c","8670","Emporio Universitario","26.96","CONCLUDED","2019-02-14","2023-06-15"
"6b7ff726-929a-4424-a5c8-b6b6a77e158c","7311","JS PICANHA","29.92","CONCLUDED","2019-02-14","2023-06-11"
"6b7ff726-929a-4424-a5c8-b6b6a77e158c","6062","Brazzettus - Várzea","45.99","CONCLUDED","2019-02-14","2023-06-09"
"6b7ff726-929a-4424-a5c8-b6b6a77e158c","5699","Massaría Massas e Risotos","40.0","CONCLUDED","2019-02-14","2023-06-09"
"6b7ff726-929a-4424-a5c8-b6b6a77e158c","2946","Big by Carrefour - Recife","184.97","CONCLUDED","2019-02-14","2023-06-04"
"6b7ff726-929a-4424-a5c8-b6b6a77e158c","6174","Vila Universitária Mix Gourmet","45.99","CONCLUDED","2019-02-14","2023-06-04"
"6b7ff726-929a-4424-a5c8-b6b6a77e158c","0359","Vila Universitária Mix Gourmet","45.99","CONCLUDED","2019-02-14","2023-06-02"
"6b7ff726-929a-4424-a5c8-b6b6a77e158c","9865","Vila Universitária Mix Gourmet","45.99","CONCLUDED","2019-02-14","2023-05-31"
"6b7ff726-929a-4424-a5c8-b6b6a77e158c","7155","Sertanejo Grill Marmitas","49.9","CONCLUDED","2019-02-14","2023-05-30"
"6b7ff726-929a-4424-a5c8-b6b6a77e158c","7717","Brazzettus - Várzea","69.97","CONCLUDED","2019-02-14","2023-05-16"
"6b7ff726-929a-4424-a5c8-b6b6a77e158c","7482","Deeh Dog","18.93","CONCLUDED","2019-02-14","2023-05-12"
"6b7ff726-929a-4424-a5c8-b6b6a77e158c","0569","La Guguivez","48.28","CONCLUDED","2019-02-14","2023-05-11"
"6b7ff726-929a-4424-a5c8-b6b6a77e158c","5359","Mineiro Delivery - Recife Iputinga","58.8","DECLINED","2019-02-14","2023-05-08"
"6b7ff726-929a-4424-a5c8-b6b6a77e158c","9224","Mineiro Delivery - Recife Iputinga","58.8","CONCLUDED","2019-02-14","2023-05-08"
"6b7ff726-929a-4424-a5c8-b6b6a77e158c","4432","Brazzettus - Várzea","47.99","CONCLUDED","2019-02-14","2023-05-06"
"6b7ff726-929a-4424-a5c8-b6b6a77e158c","9687","Mineiro Delivery - Recife Iputinga","51.89","CONCLUDED","2019-02-14","2023-05-05"
"6b7ff726-929a-4424-a5c8-b6b6a77e158c","5550","Vila Universitária Mix Gourmet","73.98","CONCLUDED","2019-02-14","2023-05-03"
"6b7ff726-929a-4424-a5c8-b6b6a77e158c","9792","Vila Universitária Mix Gourmet","44.99","CONCLUDED","2019-02-14","2023-04-30"
"6b7ff726-929a-4424-a5c8-b6b6a77e158c","7642","Passira San Martin","60.98","CONCLUDED","2019-02-14","2023-04-28"
"6b7ff726-929a-4424-a5c8-b6b6a77e158c","9119","Mineiro Delivery - Recife Iputinga","53.89","CONCLUDED","2019-02-14","2023-04-27"
"6b7ff726-929a-4424-a5c8-b6b6a77e158c","2230","Brazzettus - Várzea","46.99","CONCLUDED","2019-02-14","2023-04-25"
"6b7ff726-929a-4424-a5c8-b6b6a77e158c","5116","Degusta Comida Caseira","17.42","CONCLUDED","2019-02-14","2023-04-24"
"6b7ff726-929a-4424-a5c8-b6b6a77e158c","1563","Mineiro Delivery - Recife Iputinga","51.89","CONCLUDED","2019-02-14","2023-04-23"
"6b7ff726-929a-4424-a5c8-b6b6a77e158c","0396","Vila Universitária Mix Gourmet","74.08","CONCLUDED","2019-02-14","2023-04-22"
"6b7ff726-929a-4424-a5c8-b6b6a77e158c","7869","Vila Universitária Mix Gourmet","46.99","CONCLUDED","2019-02-14","2023-04-21"
"6b7ff726-929a-4424-a5c8-b6b6a77e158c","4225","Brazzettus - Várzea","57.98","CONCLUDED","2019-02-14","2023-04-20"
"6b7ff726-929a-4424-a5c8-b6b6a77e158c","8897","Drogasil - Varzea 1 - 2284","149.18","CONCLUDED","2019-02-14","2023-04-20"
"6b7ff726-929a-4424-a5c8-b6b6a77e158c","9146","Bode do Paraiba","62.8","CONCLUDED","2019-02-14","2023-04-17"
"6b7ff726-929a-4424-a5c8-b6b6a77e158c","3094","Vila Pizza","23.49","CONCLUDED","2019-02-14","2023-04-17"
"6b7ff726-929a-4424-a5c8-b6b6a77e158c","9446","Mineiro Delivery - Recife Iputinga","74.97","CONCLUDED","2019-02-14","2023-04-16"
"6b7ff726-929a-4424-a5c8-b6b6a77e158c","0077","Brazzettus - Várzea","46.99","CONCLUDED","2019-02-14","2023-04-15"
"6b7ff726-929a-4424-a5c8-b6b6a77e158c","5638","Doces e Salgados Interaminense","50.8","CONCLUDED","2019-02-14","2023-04-12"
"6b7ff726-929a-4424-a5c8-b6b6a77e158c","7842","Vila Universitária","27.74","CONCLUDED","2019-02-14","2023-04-11"
"6b7ff726-929a-4424-a5c8-b6b6a77e158c","1770","Italianô Pizza Recife","88.9","CONCLUDED","2019-02-14","2023-04-09"
"6b7ff726-929a-4424-a5c8-b6b6a77e158c","5586","Brazzettus - Várzea","46.99","CONCLUDED","2019-02-14","2023-04-08"
"6b7ff726-929a-4424-a5c8-b6b6a77e158c","9520","Brazzettus - Várzea","46.99","DECLINED","2019-02-14","2023-04-08"
"6b7ff726-929a-4424-a5c8-b6b6a77e158c","2831","Haro Sushi - Caxangá","62.7","CONCLUDED","2019-02-14","2023-04-07"
"6b7ff726-929a-4424-a5c8-b6b6a77e158c","1247","Brazzettus - Várzea","44.99","CONCLUDED","2019-02-14","2023-04-06"
"6b7ff726-929a-4424-a5c8-b6b6a77e158c","1626","Vila Universitária","21.23","CONCLUDED","2019-02-14","2023-04-04"
"6b7ff726-929a-4424-a5c8-b6b6a77e158c","6378","Vila Universitária","21.23","DECLINED","2019-02-14","2023-04-03"
"6b7ff726-929a-4424-a5c8-b6b6a77e158c","1798","Vila Universitária","21.23","CONCLUDED","2019-02-14","2023-04-03"
"6b7ff726-929a-4424-a5c8-b6b6a77e158c","5661","Mineiro Delivery - Recife Iputinga","44.9","CONCLUDED","2019-02-14","2023-04-01"
"6b7ff726-929a-4424-a5c8-b6b6a77e158c","2251","Barraca Doces","73.98","CONCLUDED","2019-02-14","2023-03-31"
"6b7ff726-929a-4424-a5c8-b6b6a77e158c","1336","Pizzaria Planeta da Massa","38.0","CONCLUDED","2019-02-14","2023-03-29"
"6b7ff726-929a-4424-a5c8-b6b6a77e158c","1235","Brazzettus - Várzea","34.74","CONCLUDED","2019-02-14","2023-03-24"
"6b7ff726-929a-4424-a5c8-b6b6a77e158c","5714","La Guguivez","48.28","CONCLUDED","2019-02-14","2023-03-22"
"6b7ff726-929a-4424-a5c8-b6b6a77e158c","4112","Brazzettus - Várzea","35.74","CONCLUDED","2019-02-14","2023-03-19"
"6b7ff726-929a-4424-a5c8-b6b6a77e158c","3297","Brazzettus - Várzea","35.74","DECLINED","2019-02-14","2023-03-19"
"6b7ff726-929a-4424-a5c8-b6b6a77e158c","6937","Mineiro Delivery - Recife Iputinga","42.99","CONCLUDED","2019-02-14","2023-03-14"
"6b7ff726-929a-4424-a5c8-b6b6a77e158c","3146","Mr Mix - Várzea","34.9","CONCLUDED","2019-02-14","2023-03-14"
"6b7ff726-929a-4424-a5c8-b6b6a77e158c","4236","Brazzettus - Várzea","75.48","CONCLUDED","2019-02-14","2023-03-12"
"6b7ff726-929a-4424-a5c8-b6b6a77e158c","2345","La Guguivez","48.28","DECLINED","2019-02-14","2023-03-07"
"6b7ff726-929a-4424-a5c8-b6b6a77e158c","1325","Lampião e Maria Bonita Delivery","34.9","CONCLUDED","2019-02-14","2023-03-07"
"6b7ff726-929a-4424-a5c8-b6b6a77e158c","6378","Vila Pizza","23.49","CONCLUDED","2019-02-14","2023-03-07"
"6b7ff726-929a-4424-a5c8-b6b6a77e158c","8740","La Guguivez","48.28","DECLINED","2019-02-14","2023-03-07"
"6b7ff726-929a-4424-a5c8-b6b6a77e158c","1268","Mr Mix - Várzea","34.9","CONCLUDED","2019-02-14","2023-03-06"
"6b7ff726-929a-4424-a5c8-b6b6a77e158c","2518","Mineiro Delivery - Recife Iputinga","42.99","CONCLUDED","2019-02-14","2023-03-04"
"6b7ff726-929a-4424-a5c8-b6b6a77e158c","1111","Mineiro Delivery - Recife Iputinga","53.98","CONCLUDED","2019-02-14","2023-03-03"
"6b7ff726-929a-4424-a5c8-b6b6a77e158c","2232","Brazzettus - Várzea","34.74","CONCLUDED","2019-02-14","2023-03-02"
"6b7ff726-929a-4424-a5c8-b6b6a77e158c","0395","Mineiro Delivery - Recife Iputinga","33.98","CONCLUDED","2019-02-14","2023-03-01"
"6b7ff726-929a-4424-a5c8-b6b6a77e158c","5407","Mineiro Delivery - Recife Iputinga","54.98","CONCLUDED","2019-02-14","2023-03-01"
"6b7ff726-929a-4424-a5c8-b6b6a77e158c","1429","Tia Sônia Comedoria Oficial","31.9","CONCLUDED","2019-02-14","2023-02-28"
"6b7ff726-929a-4424-a5c8-b6b6a77e158c","5549","Vila Universitária Mix Gourmet","119.96","DECLINED","2019-02-14","2023-02-24"
"6b7ff726-929a-4424-a5c8-b6b6a77e158c","3133","Vila Universitária Mix Gourmet","119.96","CONCLUDED","2019-02-14","2023-02-24"
"6b7ff726-929a-4424-a5c8-b6b6a77e158c","8155","Mineiro Delivery - Recife Iputinga","41.99","CONCLUDED","2019-02-14","2023-02-22"
"6b7ff726-929a-4424-a5c8-b6b6a77e158c","5045","Vila Universitária Mix Gourmet Express","45.99","CONCLUDED","2019-02-14","2023-02-19"
"6b7ff726-929a-4424-a5c8-b6b6a77e158c","4804","Vila Universitária Mix Gourmet Express","45.99","DECLINED","2019-02-14","2023-02-19"
"6b7ff726-929a-4424-a5c8-b6b6a77e158c","6985","Vila Universitária Mix Gourmet Express","45.99","DECLINED","2019-02-14","2023-02-19"
"6b7ff726-929a-4424-a5c8-b6b6a77e158c","6363","Digno Churros & doces ","41.9","CONCLUDED","2019-02-14","2023-02-18"
"6b7ff726-929a-4424-a5c8-b6b6a77e158c","1040","Brazzettus - Várzea","40.99","CONCLUDED","2019-02-14","2023-02-17"
"6b7ff726-929a-4424-a5c8-b6b6a77e158c","4903","Espetinho do Andre","85.49","DECLINED","2019-02-14","2023-02-14"
"6b7ff726-929a-4424-a5c8-b6b6a77e158c","5098","Espetinho do Andre","95.49","DECLINED","2019-02-14","2023-02-14"
"6b7ff726-929a-4424-a5c8-b6b6a77e158c","8967","Espetinho do Andre","85.49","CONCLUDED","2019-02-14","2023-02-14"
"6b7ff726-929a-4424-a5c8-b6b6a77e158c","0005","Mineiro Delivery - Recife Iputinga","98.97","CONCLUDED","2019-02-14","2023-02-12"
"6b7ff726-929a-4424-a5c8-b6b6a77e158c","5905","Brazzettus - Várzea","64.48","CONCLUDED","2019-02-14","2023-02-11"
"6b7ff726-929a-4424-a5c8-b6b6a77e158c","6429","Canto da Marmita","15.23","CONCLUDED","2019-02-14","2023-02-10"
"6b7ff726-929a-4424-a5c8-b6b6a77e158c","1139","Açai Hiraçaí e Hamburgueria","46.9","CONCLUDED","2019-02-14","2023-02-08"
"6b7ff726-929a-4424-a5c8-b6b6a77e158c","2438","Brazzettus - Várzea","64.48","CONCLUDED","2019-02-14","2023-02-05"
"6b7ff726-929a-4424-a5c8-b6b6a77e158c","0382","Vila Universitária Mix Gourmet Express","76.08","CONCLUDED","2019-02-14","2023-02-04"
"6b7ff726-929a-4424-a5c8-b6b6a77e158c","0788","Mineiro Delivery - Recife Iputinga","24.98","DECLINED","2019-02-14","2023-02-03"
"6b7ff726-929a-4424-a5c8-b6b6a77e158c","3080","Mineiro Delivery - Recife Iputinga","24.98","CONCLUDED","2019-02-14","2023-02-03"
"6b7ff726-929a-4424-a5c8-b6b6a77e158c","4025","Mineiro Delivery - Recife Iputinga","24.98","CONCLUDED","2019-02-14","2023-01-31"
"6b7ff726-929a-4424-a5c8-b6b6a77e158c","0719","Deskontão Ceasa","68.11","CONCLUDED","2019-02-14","2023-01-31"
"6b7ff726-929a-4424-a5c8-b6b6a77e158c","6956","Golaço Burguer","15.17","CONCLUDED","2019-02-14","2023-01-30"
"6b7ff726-929a-4424-a5c8-b6b6a77e158c","4174","Mineiro Delivery - Recife Iputinga","24.98","CONCLUDED","2019-02-14","2023-01-29"
"6b7ff726-929a-4424-a5c8-b6b6a77e158c","1566","Canto do Almoço","15.84","CONCLUDED","2019-02-14","2023-01-27"
"6b7ff726-929a-4424-a5c8-b6b6a77e158c","0129","Drogasil - Varzea 1 - 2284","89.49","CONCLUDED","2019-02-14","2023-01-27"
"6b7ff726-929a-4424-a5c8-b6b6a77e158c","3260","Canto da Marmita","15.23","CONCLUDED","2019-02-14","2023-01-25"
"6b7ff726-929a-4424-a5c8-b6b6a77e158c","4167","Açai Hiraçaí e Hamburgueria","56.9","CONCLUDED","2019-02-14","2022-12-18"
"6b7ff726-929a-4424-a5c8-b6b6a77e158c","4978","Mister Ed Smash Burguer","59.99","CONCLUDED","2019-02-14","2022-12-15"
"6b7ff726-929a-4424-a5c8-b6b6a77e158c","4525","Canto da Marmita","15.98","CONCLUDED","2019-02-14","2022-12-12"
"6b7ff726-929a-4424-a5c8-b6b6a77e158c","2316","Brazzettus - Várzea","63.48","CONCLUDED","2019-02-14","2022-12-10"
"6b7ff726-929a-4424-a5c8-b6b6a77e158c","0720","Frango Frito Krokante e Cia","74.99","DECLINED","2019-02-14","2022-12-08"
"6b7ff726-929a-4424-a5c8-b6b6a77e158c","6965","Frango Frito Krokante e Cia","74.99","CONCLUDED","2019-02-14","2022-12-08"
"6b7ff726-929a-4424-a5c8-b6b6a77e158c","7032","Outback Tacaruna Shopping","139.89","CONCLUDED","2019-02-14","2022-12-02"
"6b7ff726-929a-4424-a5c8-b6b6a77e158c","1425","Brazzettus - Várzea","33.74","CONCLUDED","2019-02-14","2022-12-02"
"6b7ff726-929a-4424-a5c8-b6b6a77e158c","0971","Canto da Marmita","21.98","CONCLUDED","2019-02-14","2022-12-01"
"6b7ff726-929a-4424-a5c8-b6b6a77e158c","6101","Brazzettus - Várzea","34.74","CONCLUDED","2019-02-14","2022-11-30"
"6b7ff726-929a-4424-a5c8-b6b6a77e158c","3152","Ki Açaí Delivery","20.87","CONCLUDED","2019-02-14","2022-11-27"
"6b7ff726-929a-4424-a5c8-b6b6a77e158c","1714","Feijoada Maestria Sabor","55.99","CONCLUDED","2019-02-14","2022-11-27"
"6b7ff726-929a-4424-a5c8-b6b6a77e158c","7392","Ki Açaí Delivery","20.87","CONCLUDED","2019-02-14","2022-11-26"
"6b7ff726-929a-4424-a5c8-b6b6a77e158c","2717","Canto da Marmita","42.97","CONCLUDED","2019-02-14","2022-11-25"
"6b7ff726-929a-4424-a5c8-b6b6a77e158c","5080","Canto da Marmita","15.98","DECLINED","2019-02-14","2022-11-25"
"6b7ff726-929a-4424-a5c8-b6b6a77e158c","4408","Canto da Marmita","15.98","DECLINED","2019-02-14","2022-11-25"
"6b7ff726-929a-4424-a5c8-b6b6a77e158c","1599","Mister Ed Smash Burguer","59.99","CONCLUDED","2019-02-14","2022-11-23"
"6b7ff726-929a-4424-a5c8-b6b6a77e158c","7410","Madoska","16.74","CONCLUDED","2019-02-14","2022-11-07"
"6b7ff726-929a-4424-a5c8-b6b6a77e158c","0835","Burger King - Camará Shopping","78.79","DECLINED","2019-02-14","2022-11-07"
"6b7ff726-929a-4424-a5c8-b6b6a77e158c","1679","Burger King - Camará Shopping","78.79","CONCLUDED","2019-02-14","2022-11-07"
"6b7ff726-929a-4424-a5c8-b6b6a77e158c","0168","Burger King - Camará Shopping","78.79","DECLINED","2019-02-14","2022-11-07"
"6b7ff726-929a-4424-a5c8-b6b6a77e158c","0836","Burger King - Camará Shopping","78.79","DECLINED","2019-02-14","2022-11-07"
"6b7ff726-929a-4424-a5c8-b6b6a77e158c","4110","Mister Ed Smash Burguer","63.97","CONCLUDED","2019-02-14","2022-11-06"
"6b7ff726-929a-4424-a5c8-b6b6a77e158c","7454","Brazzettus - Várzea","33.74","CONCLUDED","2019-02-14","2022-11-05"
"6b7ff726-929a-4424-a5c8-b6b6a77e158c","3101","Mister Ed Smash Burguer","59.99","DECLINED","2019-02-14","2022-11-04"
"6b7ff726-929a-4424-a5c8-b6b6a77e158c","0725","Mister Ed Smash Burguer","59.99","CONCLUDED","2019-02-14","2022-11-04"
"6b7ff726-929a-4424-a5c8-b6b6a77e158c","1321","Arretados do Nordeste","33.48","CONCLUDED","2019-02-14","2022-11-04"
"6b7ff726-929a-4424-a5c8-b6b6a77e158c","9922","Canto da Marmita","37.97","CONCLUDED","2019-02-14","2022-10-25"
"6b7ff726-929a-4424-a5c8-b6b6a77e158c","9820","Torre Brasa Cordeiro'","63.9","CONCLUDED","2019-02-14","2022-10-23"
"6b7ff726-929a-4424-a5c8-b6b6a77e158c","0111","Brazzettus - Várzea","71.99","CONCLUDED","2019-02-14","2022-10-22"
"6b7ff726-929a-4424-a5c8-b6b6a77e158c","5062","Canto da Marmita","29.99","CONCLUDED","2019-02-14","2022-10-21"
"6b7ff726-929a-4424-a5c8-b6b6a77e158c","5758","Canto da Marmita","21.98","CONCLUDED","2019-02-14","2022-10-20"
"6b7ff726-929a-4424-a5c8-b6b6a77e158c","5227","Barraca Doces","55.99","CONCLUDED","2019-02-14","2022-10-15"
"6b7ff726-929a-4424-a5c8-b6b6a77e158c","0679","Canto da Marmita","15.98","CONCLUDED","2019-02-14","2022-10-14"
"6b7ff726-929a-4424-a5c8-b6b6a77e158c","6033","La Guguivez","44.9","CONCLUDED","2019-02-14","2022-10-14"
"6b7ff726-929a-4424-a5c8-b6b6a77e158c","0680","Brazzettus - Várzea","33.74","CONCLUDED","2019-02-14","2022-10-13"
"6b7ff726-929a-4424-a5c8-b6b6a77e158c","4879","Canto da Marmita","15.98","CONCLUDED","2019-02-14","2022-10-13"
"6b7ff726-929a-4424-a5c8-b6b6a77e158c","5540","Canto da Marmita","15.98","CONCLUDED","2019-02-14","2022-10-12"
"6b7ff726-929a-4424-a5c8-b6b6a77e158c","0993","Canto da Marmita","36.97","CONCLUDED","2019-02-14","2022-10-11"
"6b7ff726-929a-4424-a5c8-b6b6a77e158c","6820","Brazzettus - Várzea","25.95","CONCLUDED","2019-02-14","2022-10-10"
"6b7ff726-929a-4424-a5c8-b6b6a77e158c","9119","Fast Maki Varzea","9.99","CANCELLED","2019-02-14","2022-10-10"
"6b7ff726-929a-4424-a5c8-b6b6a77e158c","3072","La Guguivez","52.9","CONCLUDED","2019-02-14","2022-10-09"
"6b7ff726-929a-4424-a5c8-b6b6a77e158c","2347","Brazzettus - Várzea","41.98","CONCLUDED","2019-02-14","2022-10-08"
"6b7ff726-929a-4424-a5c8-b6b6a77e158c","8390","Brazzettus - Várzea","109.47","DECLINED","2019-02-14","2022-10-08"
"6b7ff726-929a-4424-a5c8-b6b6a77e158c","6289","La Guguivez","44.9","CONCLUDED","2019-02-14","2022-10-07"
"6b7ff726-929a-4424-a5c8-b6b6a77e158c","6702","Brazzettus - Várzea","34.74","CONCLUDED","2019-02-14","2022-10-06"
"6b7ff726-929a-4424-a5c8-b6b6a77e158c","0079","Coxinha Etc e Tal","59.9","CANCELLED","2019-02-14","2022-10-06"
"6b7ff726-929a-4424-a5c8-b6b6a77e158c","9952","Canto da Marmita","23.48","CONCLUDED","2019-02-14","2022-10-05"
"6b7ff726-929a-4424-a5c8-b6b6a77e158c","9853","Canto da Marmita","15.98","CONCLUDED","2019-02-14","2022-09-30"
"6b7ff726-929a-4424-a5c8-b6b6a77e158c","4526","Canto da Marmita","37.97","CONCLUDED","2019-02-14","2022-09-27"
"6b7ff726-929a-4424-a5c8-b6b6a77e158c","6759","Canto da Marmita","37.97","DECLINED","2019-02-14","2022-09-27"
"6b7ff726-929a-4424-a5c8-b6b6a77e158c","6728","Brazzettus - Várzea","37.01","CONCLUDED","2019-02-14","2022-09-26"
"6b7ff726-929a-4424-a5c8-b6b6a77e158c","7686","Açai Abatiá","52.99","CONCLUDED","2019-02-14","2022-09-25"
"6b7ff726-929a-4424-a5c8-b6b6a77e158c","4673","Frango Frito Krokante e Cia","64.99","CONCLUDED","2019-02-14","2022-09-24"
"6b7ff726-929a-4424-a5c8-b6b6a77e158c","9272","Canto da Marmita","37.97","CONCLUDED","2019-02-14","2022-09-22"
"6b7ff726-929a-4424-a5c8-b6b6a77e158c","0276","Canto da Marmita","37.97","DECLINED","2019-02-14","2022-09-22"
"6b7ff726-929a-4424-a5c8-b6b6a77e158c","4611","La Guguivez","44.9","CONCLUDED","2019-02-14","2022-09-18"
"6b7ff726-929a-4424-a5c8-b6b6a77e158c","4429","Brazzettus - Várzea","42.01","CONCLUDED","2019-02-14","2022-09-17"
"6b7ff726-929a-4424-a5c8-b6b6a77e158c","2162","Canto da Marmita","39.97","CONCLUDED","2019-02-14","2022-09-16"
"6b7ff726-929a-4424-a5c8-b6b6a77e158c","1728","Canto da Marmita","38.97","CONCLUDED","2019-02-14","2022-09-15"
"6b7ff726-929a-4424-a5c8-b6b6a77e158c","7564","Barraca Doces","51.99","CONCLUDED","2019-02-14","2022-09-14"
"6b7ff726-929a-4424-a5c8-b6b6a77e158c","8314","Barraca Doces","51.99","DECLINED","2019-02-14","2022-09-14"
"6b7ff726-929a-4424-a5c8-b6b6a77e158c","8473","Canto da Marmita","29.24","CONCLUDED","2019-02-14","2022-09-13"
"6b7ff726-929a-4424-a5c8-b6b6a77e158c","2293","Canto da Marmita","20.97","CONCLUDED","2019-02-14","2022-09-12"
"6b7ff726-929a-4424-a5c8-b6b6a77e158c","0155","Frango Frito Krokante e Cia","74.99","CONCLUDED","2019-02-14","2022-09-11"
"6b7ff726-929a-4424-a5c8-b6b6a77e158c","0873","Frango Frito Krokante e Cia","29.99","CONCLUDED","2019-02-14","2022-09-10"
"6b7ff726-929a-4424-a5c8-b6b6a77e158c","8912","Eita Açaí","40.0","CONCLUDED","2019-02-14","2022-09-10"
"6b7ff726-929a-4424-a5c8-b6b6a77e158c","2824","Casa da Lasanha","37.98","CONCLUDED","2019-02-14","2022-09-09"
"6b7ff726-929a-4424-a5c8-b6b6a77e158c","1862","Brazzettus - Várzea","77.01","CONCLUDED","2019-02-14","2022-09-07"
"6b7ff726-929a-4424-a5c8-b6b6a77e158c","6506","Canto da Marmita","20.97","CONCLUDED","2019-02-14","2022-09-06"
"6b7ff726-929a-4424-a5c8-b6b6a77e158c","4358","Canto da Marmita","20.97","CONCLUDED","2019-02-14","2022-09-02"
"6b7ff726-929a-4424-a5c8-b6b6a77e158c","1152","Brazzettus - Várzea","37.01","CONCLUDED","2019-02-14","2022-09-01"
"6b7ff726-929a-4424-a5c8-b6b6a77e158c","8860","Brazzettus - Várzea","74.48","CONCLUDED","2019-02-14","2022-08-31"
"6b7ff726-929a-4424-a5c8-b6b6a77e158c","2341","Brazzettus - Várzea","74.48","DECLINED","2019-02-14","2022-08-31"
"6b7ff726-929a-4424-a5c8-b6b6a77e158c","4694","La Guguivez","44.9","CONCLUDED","2019-02-14","2022-08-31"
"6b7ff726-929a-4424-a5c8-b6b6a77e158c","4493","Barraca Doces","50.99","CONCLUDED","2019-02-14","2022-08-30"
"6b7ff726-929a-4424-a5c8-b6b6a77e158c","4555","Brazzettus - Várzea","36.01","CONCLUDED","2019-02-14","2022-08-27"
"6b7ff726-929a-4424-a5c8-b6b6a77e158c","9104","Barraca Doces","51.99","CONCLUDED","2019-02-14","2022-08-27"
"6b7ff726-929a-4424-a5c8-b6b6a77e158c","1449","Canto da Marmita","23.48","CONCLUDED","2019-02-14","2022-08-26"
"6b7ff726-929a-4424-a5c8-b6b6a77e158c","9010","Frango Frito Krokante e Cia","74.99","CONCLUDED","2019-02-14","2022-08-25"
"6b7ff726-929a-4424-a5c8-b6b6a77e158c","1017","Barraca Doces","50.99","CONCLUDED","2019-02-14","2022-08-24"
"6b7ff726-929a-4424-a5c8-b6b6a77e158c","7226","Brazzettus - Várzea","50.01","DECLINED","2019-02-14","2022-08-20"
"6b7ff726-929a-4424-a5c8-b6b6a77e158c","0747","Brazzettus - Várzea","50.01","CONCLUDED","2019-02-14","2022-08-20"
"6b7ff726-929a-4424-a5c8-b6b6a77e158c","9483","Brazzettus - Várzea","64.48","CONCLUDED","2019-02-14","2022-08-19"
"6b7ff726-929a-4424-a5c8-b6b6a77e158c","9740","Calango Nordestino","42.88","CONCLUDED","2019-02-14","2022-08-18"
"6b7ff726-929a-4424-a5c8-b6b6a77e158c","1321","Brazzettus - Várzea","60.48","CONCLUDED","2019-02-14","2022-08-13"
"6b7ff726-929a-4424-a5c8-b6b6a77e158c","0985","Brazzettus - Várzea","42.01","CONCLUDED","2019-02-14","2022-08-12"
"6b7ff726-929a-4424-a5c8-b6b6a77e158c","6364","Big Bompreço Caxangá","121.1","CONCLUDED","2019-02-14","2022-08-09"
"6b7ff726-929a-4424-a5c8-b6b6a77e158c","2691","Brazzettus - Várzea","40.01","CONCLUDED","2019-02-14","2022-08-09"
"6b7ff726-929a-4424-a5c8-b6b6a77e158c","7018","La Guguivez","44.9","CONCLUDED","2019-02-14","2022-08-07"
"6b7ff726-929a-4424-a5c8-b6b6a77e158c","1088","Canto da Marmita","9.98","CONCLUDED","2019-02-14","2022-08-06"
"6b7ff726-929a-4424-a5c8-b6b6a77e158c","2343","Barraca Doces","51.99","CONCLUDED","2019-02-14","2022-08-06"
"6b7ff726-929a-4424-a5c8-b6b6a77e158c","4020","Casa da Lasanha","28.99","CONCLUDED","2019-02-14","2022-08-05"
"6b7ff726-929a-4424-a5c8-b6b6a77e158c","8162","La Guguivez","44.9","CONCLUDED","2019-02-14","2022-08-02"
"6b7ff726-929a-4424-a5c8-b6b6a77e158c","0346","Brazzettus - Várzea","41.01","CONCLUDED","2019-02-14","2022-07-30"
"6b7ff726-929a-4424-a5c8-b6b6a77e158c","0926","Casa da Lasanha","26.99","CONCLUDED","2019-02-14","2022-07-29"
"6b7ff726-929a-4424-a5c8-b6b6a77e158c","8988","Brazzettus - Várzea","42.01","CONCLUDED","2019-02-14","2022-07-26"
"6b7ff726-929a-4424-a5c8-b6b6a77e158c","7892","Barraca Doces","51.99","CONCLUDED","2019-02-14","2022-07-26"
"6b7ff726-929a-4424-a5c8-b6b6a77e158c","4603","Canto da Marmita","26.98","CONCLUDED","2019-02-14","2022-07-25"
"6b7ff726-929a-4424-a5c8-b6b6a77e158c","3389","Casa da Lasanha","28.49","CONCLUDED","2019-02-14","2022-07-24"
"6b7ff726-929a-4424-a5c8-b6b6a77e158c","0428","Canto da Marmita","26.98","CONCLUDED","2019-02-14","2022-07-23"
"6b7ff726-929a-4424-a5c8-b6b6a77e158c","9730","Fuji Comedoria Sushi","23.98","CONCLUDED","2019-02-14","2022-07-22"
"6b7ff726-929a-4424-a5c8-b6b6a77e158c","3357","La Guguivez","44.9","CONCLUDED","2019-02-14","2022-07-22"
"6b7ff726-929a-4424-a5c8-b6b6a77e158c","9717","Canto da Marmita","19.97","CONCLUDED","2019-02-14","2022-07-21"
"6b7ff726-929a-4424-a5c8-b6b6a77e158c","1637","Habib's - Abdias de Carvalho","45.3","CONCLUDED","2019-02-14","2022-07-20"
"6b7ff726-929a-4424-a5c8-b6b6a77e158c","8026","Vila Universitária Mix Gourmet Express","35.99","CONCLUDED","2019-02-14","2022-07-19"
"6b7ff726-929a-4424-a5c8-b6b6a77e158c","2950","A Varanda do Açai","30.35","CONCLUDED","2019-02-14","2022-07-17"
"6b7ff726-929a-4424-a5c8-b6b6a77e158c","5741","Canto da Marmita","23.97","DECLINED","2019-02-14","2022-07-16"
"6b7ff726-929a-4424-a5c8-b6b6a77e158c","7358","Canto da Marmita","41.97","CONCLUDED","2019-02-14","2022-07-16"
"6b7ff726-929a-4424-a5c8-b6b6a77e158c","3353","Vila Universitária Mix Gourmet Express","35.99","CONCLUDED","2019-02-14","2022-07-16"
"6b7ff726-929a-4424-a5c8-b6b6a77e158c","0011","Canto da Marmita","22.73","CONCLUDED","2019-02-14","2022-07-15"
"6b7ff726-929a-4424-a5c8-b6b6a77e158c","9966","Fuji Comedoria Sushi","32.98","CONCLUDED","2019-02-14","2022-07-14"
"6b7ff726-929a-4424-a5c8-b6b6a77e158c","8567","Canto da Marmita","23.97","DECLINED","2019-02-14","2022-07-14"
"6b7ff726-929a-4424-a5c8-b6b6a77e158c","5472","Canto da Marmita","9.98","CONCLUDED","2019-02-14","2022-07-14"
"6b7ff726-929a-4424-a5c8-b6b6a77e158c","4864","Habib's - Abdias de Carvalho","29.9","CONCLUDED","2019-02-14","2022-07-13"
"6b7ff726-929a-4424-a5c8-b6b6a77e158c","3720","Canto da Marmita","9.98","CONCLUDED","2019-02-14","2022-07-13"
"6b7ff726-929a-4424-a5c8-b6b6a77e158c","6680","Canto da Marmita","9.98","CONCLUDED","2019-02-14","2022-07-12"
"6b7ff726-929a-4424-a5c8-b6b6a77e158c","9459","Pizzaria To Frito","69.8","CONCLUDED","2019-02-14","2022-07-10"
"6b7ff726-929a-4424-a5c8-b6b6a77e158c","4855","Almeida Burguer","10.98","CONCLUDED","2019-02-14","2022-07-10"
"6b7ff726-929a-4424-a5c8-b6b6a77e158c","7219","Vila Universitária","14.99","CONCLUDED","2019-02-14","2022-07-10"
"6b7ff726-929a-4424-a5c8-b6b6a77e158c","4299","Canto da Marmita","9.98","CONCLUDED","2019-02-14","2022-07-09"
"6b7ff726-929a-4424-a5c8-b6b6a77e158c","3374","Dia e Noite ","37.73","DECLINED","2019-02-14","2022-07-08"
"6b7ff726-929a-4424-a5c8-b6b6a77e158c","2239","Vila Universitária","12.98","CONCLUDED","2019-02-14","2022-07-08"
"6b7ff726-929a-4424-a5c8-b6b6a77e158c","5560","Dia e Noite ","37.73","CONCLUDED","2019-02-14","2022-07-08"
"6b7ff726-929a-4424-a5c8-b6b6a77e158c","9522","Torre Brasa","10.98","CONCLUDED","2019-02-14","2022-07-08"
"6b7ff726-929a-4424-a5c8-b6b6a77e158c","8405","Vila Universitária Mix Gourmet Express","34.99","CONCLUDED","2019-02-14","2022-07-07"
"6b7ff726-929a-4424-a5c8-b6b6a77e158c","4436","Canto da Marmita","9.98","CONCLUDED","2019-02-14","2022-07-05"
"6b7ff726-929a-4424-a5c8-b6b6a77e158c","1003","Vila Universitária Mix Gourmet Express","68.97","CONCLUDED","2019-02-14","2022-07-03"
"6b7ff726-929a-4424-a5c8-b6b6a77e158c","7055","Canto da Marmita","9.98","CONCLUDED","2019-02-14","2022-07-02"
"6b7ff726-929a-4424-a5c8-b6b6a77e158c","6780","Canto da Marmita","68.94","CONCLUDED","2019-02-14","2022-07-01"
"6b7ff726-929a-4424-a5c8-b6b6a77e158c","9989","Graçaí - Açaí & Sorvetes","49.99","CONCLUDED","2019-02-14","2022-06-30"
"6b7ff726-929a-4424-a5c8-b6b6a77e158c","8604","Calango Nordestino","47.39","CONCLUDED","2019-02-14","2022-06-29"
"6b7ff726-929a-4424-a5c8-b6b6a77e158c","8507","Canto da Marmita","9.98","CONCLUDED","2019-02-14","2022-06-28"
"6b7ff726-929a-4424-a5c8-b6b6a77e158c","6029","Canto da Marmita","9.98","CONCLUDED","2019-02-14","2022-06-27"
"6b7ff726-929a-4424-a5c8-b6b6a77e158c","4924","Pizzaria To Frito","51.99","CONCLUDED","2019-02-14","2022-05-27"
"6b7ff726-929a-4424-a5c8-b6b6a77e158c","0724","Vila Universitária Mix Gourmet Express","33.99","CONCLUDED","2019-02-14","2022-05-27"
"6b7ff726-929a-4424-a5c8-b6b6a77e158c","6078","Burger King - Parnamirim","71.8","CONCLUDED","2019-02-14","2022-05-25"
"6b7ff726-929a-4424-a5c8-b6b6a77e158c","3476","Brazzettus - Várzea","62.48","CONCLUDED","2019-02-14","2022-05-24"
"6b7ff726-929a-4424-a5c8-b6b6a77e158c","5289","Brazzettus - Várzea","35.99","CONCLUDED","2019-02-14","2022-05-23"
"6b7ff726-929a-4424-a5c8-b6b6a77e158c","9531","Vila Universitária Mix Gourmet Express","33.99","CONCLUDED","2019-02-14","2022-05-23"
"6b7ff726-929a-4424-a5c8-b6b6a77e158c","1084","Habib's - Abdias de Carvalho","83.68","CONCLUDED","2019-02-14","2022-05-21"
"6b7ff726-929a-4424-a5c8-b6b6a77e158c","9728","Vila Universitária Mix Gourmet Express","33.99","CONCLUDED","2019-02-14","2022-05-20"
"6b7ff726-929a-4424-a5c8-b6b6a77e158c","9395","Graçaí - Açaí & Sorvetes","49.99","CONCLUDED","2019-02-14","2022-05-14"
"6b7ff726-929a-4424-a5c8-b6b6a77e158c","5521","Vila Universitária Mix Gourmet Express","32.99","CONCLUDED","2019-02-14","2022-05-12"
"6b7ff726-929a-4424-a5c8-b6b6a77e158c","5959","Vila Universitária Mix Gourmet Express","32.99","CONCLUDED","2019-02-14","2022-05-10"
"6b7ff726-929a-4424-a5c8-b6b6a77e158c","0519","Vila Universitária Mix Gourmet Express","32.99","DECLINED","2019-02-14","2022-05-10"
"6b7ff726-929a-4424-a5c8-b6b6a77e158c","1887","Brazzettus - Várzea","33.99","CONCLUDED","2019-02-14","2022-05-10"
"6b7ff726-929a-4424-a5c8-b6b6a77e158c","8340","Pizzaria To Frito","61.99","CONCLUDED","2019-02-14","2022-05-08"
"6b7ff726-929a-4424-a5c8-b6b6a77e158c","9006","Burger King - Parnamirim","71.8","CONCLUDED","2019-02-14","2022-05-08"
"6b7ff726-929a-4424-a5c8-b6b6a77e158c","5829","Burger King - Parnamirim","71.8","CANCELLED","2019-02-14","2022-05-05"
"6b7ff726-929a-4424-a5c8-b6b6a77e158c","9267","Canto da Marmita","9.98","CONCLUDED","2019-02-14","2022-05-04"
"6b7ff726-929a-4424-a5c8-b6b6a77e158c","0431","Vila Universitária Mix Gourmet Express","33.99","CONCLUDED","2019-02-14","2022-05-03"
"6b7ff726-929a-4424-a5c8-b6b6a77e158c","8068","Brazzettus - Várzea","79.01","CONCLUDED","2019-02-14","2022-05-02"
"6b7ff726-929a-4424-a5c8-b6b6a77e158c","2979","Vila Universitária Mix Gourmet Express","33.99","CONCLUDED","2019-02-14","2022-04-30"
"6b7ff726-929a-4424-a5c8-b6b6a77e158c","4755","Coronel San Frango Crocante","47.98","CONCLUDED","2019-02-14","2022-04-30"
"6b7ff726-929a-4424-a5c8-b6b6a77e158c","9999","Mister Ed Smash Burguer","31.99","CONCLUDED","2019-02-14","2022-04-28"
"6b7ff726-929a-4424-a5c8-b6b6a77e158c","5248","Massa Nordestina","39.39","CONCLUDED","2019-02-14","2022-04-28"
"6b7ff726-929a-4424-a5c8-b6b6a77e158c","2398","Gol Burguer Torre","26.0","CONCLUDED","2019-02-14","2022-04-27"
"6b7ff726-929a-4424-a5c8-b6b6a77e158c","9424","Mineiro Delivery - Recife Iputinga","48.98","CONCLUDED","2019-02-14","2022-04-26"
"6b7ff726-929a-4424-a5c8-b6b6a77e158c","1675","Vila Universitária","15.5","CONCLUDED","2019-02-14","2022-04-24"
"6b7ff726-929a-4424-a5c8-b6b6a77e158c","1848","Pizzaria To Frito","61.99","CONCLUDED","2019-02-14","2022-04-24"
"6b7ff726-929a-4424-a5c8-b6b6a77e158c","7437","Vila Universitária Mix Gourmet Express","32.99","CONCLUDED","2019-02-14","2022-04-23"
"6b7ff726-929a-4424-a5c8-b6b6a77e158c","0612","Pizzaria To Frito","61.99","CONCLUDED","2019-02-14","2022-04-21"
"6b7ff726-929a-4424-a5c8-b6b6a77e158c","9567","Canto da Marmita","9.98","CONCLUDED","2019-02-14","2022-04-18"
"6b7ff726-929a-4424-a5c8-b6b6a77e158c","1957","Canto da Marmita","31.98","CONCLUDED","2019-02-14","2022-04-07"
"6b7ff726-929a-4424-a5c8-b6b6a77e158c","0220","Canto da Marmita","9.98","CONCLUDED","2019-02-14","2022-04-06"
"6b7ff726-929a-4424-a5c8-b6b6a77e158c","4091","Canto da Marmita","15.98","CONCLUDED","2019-02-14","2022-04-04"
"6b7ff726-929a-4424-a5c8-b6b6a77e158c","2230","Pizzaria To Frito","58.99","CONCLUDED","2019-02-14","2022-03-29"
"6b7ff726-929a-4424-a5c8-b6b6a77e158c","5068","Smash Burguer","53.49","CONCLUDED","2019-02-14","2022-03-28"
"6b7ff726-929a-4424-a5c8-b6b6a77e158c","3056","Canto do Sabor","9.98","CONCLUDED","2019-02-14","2022-03-26"
"6b7ff726-929a-4424-a5c8-b6b6a77e158c","8305","Mr. Mix - Várzea","14.9","CONCLUDED","2019-02-14","2022-03-25"
"6b7ff726-929a-4424-a5c8-b6b6a77e158c","8406","Mister Ed Smash Burguer","63.99","CONCLUDED","2019-02-14","2022-03-24"
"6b7ff726-929a-4424-a5c8-b6b6a77e158c","5405","Pizzaria To Frito","56.99","CONCLUDED","2019-02-14","2022-03-20"
"6b7ff726-929a-4424-a5c8-b6b6a77e158c","8937","Canto da Marmita","30.98","CONCLUDED","2019-02-14","2022-03-19"
"6b7ff726-929a-4424-a5c8-b6b6a77e158c","1332","Pizzaria To Frito","51.99","DECLINED","2019-02-14","2022-03-14"
"6b7ff726-929a-4424-a5c8-b6b6a77e158c","4616","Pizzaria To Frito","51.99","CONCLUDED","2019-02-14","2022-03-14"
"6b7ff726-929a-4424-a5c8-b6b6a77e158c","3943","Pizzaria To Frito","51.99","DECLINED","2019-02-14","2022-03-14"
"6b7ff726-929a-4424-a5c8-b6b6a77e158c","3784","Estou Com Fome 2","64.99","CONCLUDED","2019-02-14","2022-03-12"
"6b7ff726-929a-4424-a5c8-b6b6a77e158c","0259","Coxinha da Boa - Várzea","38.96","CONCLUDED","2019-02-14","2022-03-10"
"6b7ff726-929a-4424-a5c8-b6b6a77e158c","3393","Paraibanos Bar","47.9","CONCLUDED","2019-02-14","2022-03-10"
"6b7ff726-929a-4424-a5c8-b6b6a77e158c","0176","Massaría Massas e Risotos","43.98","CONCLUDED","2019-02-14","2022-03-08"
"6b7ff726-929a-4424-a5c8-b6b6a77e158c","2140","Gol Burguer Torre","26.0","CONCLUDED","2019-02-14","2022-03-07"
"6b7ff726-929a-4424-a5c8-b6b6a77e158c","9442","Tuba Burguer - Hamburguer Artesanal","23.9","CONCLUDED","2019-02-14","2022-03-06"
"6b7ff726-929a-4424-a5c8-b6b6a77e158c","3092","Vila Universitária Mix Gourmet","21.0","CONCLUDED","2019-02-14","2019-12-10"
"6b7ff726-929a-4424-a5c8-b6b6a77e158c","7039","Bob's Abdias","26.8","CONCLUDED","2019-02-14","2019-11-23"
"6b7ff726-929a-4424-a5c8-b6b6a77e158c","0820","Hard Smash Burger Camaragibe","36.0","CANCELLED","2019-02-14","2019-11-12"
"6b7ff726-929a-4424-a5c8-b6b6a77e158c","9194","Brazzettus - Várzea","43.88","CONCLUDED","2019-02-14","2019-10-31"
"6b7ff726-929a-4424-a5c8-b6b6a77e158c","0979","Artezzano Hamburgueria","19.6","CONCLUDED","2019-02-14","2019-10-19"
"6b7ff726-929a-4424-a5c8-b6b6a77e158c","8804","Brazzettus - Várzea","43.39","CONCLUDED","2019-02-14","2019-10-18"
"6b7ff726-929a-4424-a5c8-b6b6a77e158c","6001","Black180","28.4","CONCLUDED","2019-02-14","2019-10-10"
"6b7ff726-929a-4424-a5c8-b6b6a77e158c","1955","Pizzamaky","25.99","CONCLUDED","2019-02-14","2019-09-26"
"6b7ff726-929a-4424-a5c8-b6b6a77e158c","1778","Picanha do Futuro Delivery","17.9","CONCLUDED","2019-02-14","2019-09-25"
"6b7ff726-929a-4424-a5c8-b6b6a77e158c","1007","B'ambam Burguer","22.0","CONCLUDED","2019-02-14","2019-09-17"
"6b7ff726-929a-4424-a5c8-b6b6a77e158c","0500","Vila Universitária Mix Gourmet","24.89","CONCLUDED","2019-02-14","2019-09-16"
"6b7ff726-929a-4424-a5c8-b6b6a77e158c","3940","Dom Nino's Pizzaria","35.99","CONCLUDED","2019-02-14","2019-09-15"
"6b7ff726-929a-4424-a5c8-b6b6a77e158c","4924","Galetos e Cia","21.9","CONCLUDED","2019-02-14","2019-09-14"
"6b7ff726-929a-4424-a5c8-b6b6a77e158c","5130","Pizzamaky","20.99","CONCLUDED","2019-02-14","2019-09-11"
"6b7ff726-929a-4424-a5c8-b6b6a77e158c","5121","Pizzamaky","20.99","CONCLUDED","2019-02-14","2019-09-05"
"6b7ff726-929a-4424-a5c8-b6b6a77e158c","0453","Pizzamaky","19.99","CONCLUDED","2019-02-14","2019-09-04"
"6b7ff726-929a-4424-a5c8-b6b6a77e158c","9850","Pizzamaky","17.99","CONCLUDED","2019-02-14","2019-09-04"
"6b7ff726-929a-4424-a5c8-b6b6a77e158c","0193","Vila Universitária","17.2","CONCLUDED","2019-02-14","2019-09-03"
"6b7ff726-929a-4424-a5c8-b6b6a77e158c","0984","Brazzettus - Várzea","45.39","CONCLUDED","2019-02-14","2019-09-01"
"6b7ff726-929a-4424-a5c8-b6b6a77e158c","9806","Pizzamaky","20.2","CONCLUDED","2019-02-14","2019-08-27"
"6b7ff726-929a-4424-a5c8-b6b6a77e158c","8377","Brazzettus - Várzea","49.88","CONCLUDED","2019-02-14","2019-08-18"
"6b7ff726-929a-4424-a5c8-b6b6a77e158c","8069","Braw Temakeria","26.0","CONCLUDED","2019-02-14","2019-06-26"
"6b7ff726-929a-4424-a5c8-b6b6a77e158c","2074","Pizzamaky","19.1","CONCLUDED","2019-02-14","2019-06-26"
"6b7ff726-929a-4424-a5c8-b6b6a77e158c","2961","Pizzamaky","19.1","CONCLUDED","2019-02-14","2019-06-06"
"6b7ff726-929a-4424-a5c8-b6b6a77e158c","3043","Supreme Burger","22.9","CONCLUDED","2019-02-14","2019-05-31"
"6b7ff726-929a-4424-a5c8-b6b6a77e158c","3189","Coxinhas de Batata Bom de Minas","16.0","CONCLUDED","2019-02-14","2019-05-15"
"6b7ff726-929a-4424-a5c8-b6b6a77e158c","4156","Vila Universitária Mix Gourmet","11.89","CONCLUDED","2019-02-14","2019-05-15"
"6b7ff726-929a-4424-a5c8-b6b6a77e158c","7203","Pizza Mais Sabor","26.0","CONCLUDED","2019-02-14","2019-04-13"
"6b7ff726-929a-4424-a5c8-b6b6a77e158c","6241","Vila Universitária Mix Gourmet","30.0","CONCLUDED","2019-02-14","2019-04-13"
"6b7ff726-929a-4424-a5c8-b6b6a77e158c","3613","Supreme Burger","23.4","CONCLUDED","2019-02-14","2019-04-04"
"6b7ff726-929a-4424-a5c8-b6b6a77e158c","8121","Lá Chapa","13.0","CONCLUDED","2019-02-14","2019-03-21"
"6b7ff726-929a-4424-a5c8-b6b6a77e158c","4664","Vila Universitária Mix Gourmet","18.98","CANCELLED","2019-02-14","2019-03-21"
"6b7ff726-929a-4424-a5c8-b6b6a77e158c","4661","Bafo Burn Sanduiches Gourmet","20.0","CONCLUDED","2019-02-14","2019-02-28"
"6b7ff726-929a-4424-a5c8-b6b6a77e158c","2037","Pizzakarla's","30.8","CANCELLED","2019-02-14","2019-02-24"
"6b7ff726-929a-4424-a5c8-b6b6a77e158c","7431","Pizzakarla's","30.8","CANCELLED","2019-02-14","2019-02-24"
